991293912.png,187.45712,117.621414,104.64357,189.0883,115.1273,119.31008,189.76282,115.521126,119.21314,190.37167,115.78076,119.24787,184.6729,112.81619,112.00836,183.59264,112.87577,111.79256,182.47801,112.74267,111.689995,190.55475,120.85778,168.76767,176.5033,115.12668,135.07855,188.53918,123.92771,123.20594,183.10799,120.88479,112.201614,198.32474,150.06273,153.85892,153.05702,137.93076,122.28162,213.34967,196.79266,124.70589,154.99147,172.86462,56.969875,201.2026,215.8086,66.73335,159.89658,205.78192,-4.203033,197.08037,222.32689,56.8088,158.5443,216.08496,-21.80935,196.5749,215.03902,50.97775,160.65369,216.38414,-18.84442,197.89568,212.31664,63.064976,162.30792,212.71028,-5.1127334,198.75526,238.74776,-6.1612387,163.79489,227.23302,5.8580637,216.70047,350.43597,-82.78589,102.55391,270.9749,-87.76594,275.32593,368.45364,-37.841785,79.67336,370.84656,-89.76252,286.12512,368.41705,-35.416245,89.660934,389.33475,-92.073326,270.91016,388.67697,-85.27736,39.629814,389.1968,-144.85779
image10.png,224.20631,199.41618,-44.290833,233.12555,189.677,-66.14185,235.22202,190.05692,-66.2919,237.22908,190.55829,-66.29304,233.04597,189.23853,-30.033052,234.96764,189.24231,-30.273619,237.20134,189.36247,-30.334944,253.13963,199.1665,-129.74672,254.62329,198.67993,33.30085,229.3013,212.28137,-62.385628,229.07312,212.13663,-17.13265,266.07556,278.73676,-214.41444,284.5091,270.57587,139.7389,281.5897,374.93628,-271.02936,299.0377,369.6716,149.33257,284.73108,458.58798,-252.53473,290.3804,444.28195,60.889954,289.82108,485.07788,-280.85468,282.32065,471.50427,49.51733,280.1674,486.02863,-283.13205,279.64667,473.36206,24.648048,277.9535,478.16647,-250.70383,283.9262,465.43408,45.931076,280.5234,448.59644,-116.47358,290.45905,442.93396,116.3141,170.35869,496.2456,-106.01331,218.08234,524.1328,175.25917,177.1342,577.72943,19.247982,193.5968,570.6395,216.25577,195.01147,600.98474,30.416466,207.59538,594.02234,219.18425,114.45709,600.1007,-1.1389892,177.3247,581.87354,202.81209
image100.png,606.8992,118.81727,-210.05376,600.65845,100.184044,-179.85759,600.2418,99.717926,-180.23883,599.8848,99.29432,-180.39966,595.74817,100.080826,-235.49344,592.29877,100.26976,-235.90846,587.94,100.54927,-236.26395,568.5431,109.43548,-31.580246,555.2736,112.59211,-282.6152,600.3573,139.38573,-149.72981,594.65027,138.53465,-223.84888,567.66766,204.26152,168.7083,501.48553,215.15855,-347.34277,626.30225,232.31973,582.78845,428.59818,339.9016,-708.5942,641.0955,206.18857,876.5581,447.8204,199.94142,-1033.055,637.60236,194.1771,943.8169,434.60144,173.27853,-1115.5718,627.752,184.51694,903.1151,431.44247,167.2014,-1100.3256,630.8863,193.27141,869.34406,440.85062,175.52235,-1037.4813,572.2034,455.5121,150.63129,513.9061,469.58908,-150.769,757.4943,447.71167,-70.75581,545.3182,569.1735,-251.80984,719.5708,658.3465,-71.52615,492.12366,714.3629,40.15151,705.58966,693.0665,-78.38774,475.36584,734.9208,69.414764,755.444,700.5086,-198.95157,521.2007,763.92065,-8.664471
image102.png,500.77728,117.07719,-0.16052492,495.56204,105.74194,12.472039,494.1203,105.44062,12.226961,492.8372,105.08423,12.275443,493.16132,105.46503,-24.812738,489.92963,105.150536,-25.080347,486.80093,105.0273,-25.129166,473.68805,110.70639,72.60233,468.63712,111.26824,-94.055016,496.0244,130.36955,26.423515,493.34985,129.70953,-23.456394,463.49908,185.35785,167.32759,455.30176,188.37747,-183.59576,528.72577,246.44913,31.277668,544.51746,250.86545,-105.22873,523.7634,200.5746,-251.43062,526.74506,195.31374,134.46852,523.9776,182.40315,-280.44778,524.8629,177.93172,133.77722,512.57935,181.32932,-268.93362,512.9108,180.2977,118.00904,510.39423,192.29604,-254.24332,511.629,188.85081,132.86142,473.73395,366.14346,111.14171,447.83844,375.97086,-111.31016,597.5722,388.87988,177.08052,386.24683,504.6301,-209.06987,599.84235,520.2422,258.35922,248.48547,518.12445,-166.1184,582.65356,542.6735,259.82217,219.72345,509.7529,-158.57741,652.03516,553.4854,226.99654,232.36513,560.15137,-199.87758
image103.png,472.52762,122.17232,-178.89145,481.7502,109.23352,-178.13675,485.68933,109.23606,-178.27412,489.66763,109.38695,-178.3175,476.3449,109.52655,-148.63005,475.7535,109.42412,-148.83897,474.60443,109.25515,-148.97404,506.5602,113.99985,-138.73296,489.95294,113.567566,-6.2767797,482.9083,134.9953,-160.52617,476.46533,136.0613,-124.05958,569.8873,182.05598,-160.0223,488.90985,188.31386,107.49223,626.5179,277.3859,-332.16513,497.98306,271.8974,56.89742,601.4069,191.00652,-503.11832,489.50555,282.84644,-130.91943,599.58435,169.77573,-549.4511,487.38876,280.28357,-163.18488,600.24646,161.64902,-541.5536,485.18817,268.16913,-170.60957,594.4175,171.60919,-501.4322,488.41223,269.87024,-141.9232,572.11536,355.8659,-101.41452,528.454,358.44495,101.13926,469.7902,356.10596,-278.7545,555.37836,498.21863,62.731106,476.46756,524.3112,-204.61407,672.4229,457.7183,263.68896,494.60608,549.7794,-199.05878,695.23114,441.9318,287.62378,415.3378,564.5916,-287.196,680.6622,510.08957,263.03125
image108.png,815.9848,249.6489,-316.11557,808.1021,228.2371,-297.44794,805.51245,227.18045,-297.776,802.714,226.18097,-297.83963,806.8269,228.55994,-366.82324,803.62933,227.9379,-367.2157,800.0254,227.21341,-367.36807,768.925,229.29137,-168.38153,767.78406,230.21371,-482.34668,801.9686,269.23648,-257.47064,801.06165,270.39334,-350.46414,678.3481,346.8043,70.96969,689.8609,369.33786,-614.737,649.2916,526.83124,160.3634,704.19507,570.976,-651.52295,685.14404,669.12256,97.64607,759.6379,749.91235,-558.5962,685.2595,683.2493,104.60339,771.1335,795.5736,-636.24554,693.99524,683.731,35.1937,787.266,791.8315,-626.69354,693.59686,682.8768,69.70219,783.8822,775.68427,-555.92456,650.8175,637.17285,217.72119,612.9829,648.5354,-217.93872,916.8664,623.35645,312.5622,494.1488,883.15784,-500.71747,822.0995,873.1852,541.9037,201.58522,853.0925,-280.646,787.62726,915.68414,556.9917,162.1066,820.4281,-252.13992,922.76434,931.6193,520.1989,186.74547,933.60016,-310.5533
image11.png,668.5585,283.24396,-90.24239,666.70233,255.77612,-28.833532,671.17993,255.8331,-29.246784,674.8264,255.59491,-29.291533,647.709,253.41632,-70.81949,637.0295,251.82672,-71.33805,624.5716,250.45699,-71.69519,643.56714,265.56174,212.76692,585.8878,263.6743,31.618877,668.3984,308.72006,1.4225509,646.75104,308.78275,-55.532043,726.4726,458.27133,325.4209,470.4302,459.5789,-0.37515593,851.2224,650.0238,92.96771,439.88678,693.15375,-262.10388,767.21594,519.33026,-439.2058,589.5694,529.48584,-461.97144,743.947,484.57022,-521.7468,636.33765,495.06686,-529.8247,729.6636,460.39035,-501.6696,623.507,457.90433,-485.45367,728.42004,479.89252,-441.60852,615.3246,477.5356,-447.40488,691.6531,810.15186,75.82178,546.53766,836.6936,-76.433655,830.705,879.9411,-776.78406,431.99066,1142.7563,-168.7505,766.9872,1196.6943,-465.49945,360.2126,1022.8924,789.68005,730.4925,1241.9814,-437.74146,340.38077,989.20306,893.2553,826.59485,1296.3867,-684.12506,348.9225,1118.3444,819.1825
image110.png,303.3138,61.83379,-214.59508,307.3993,52.844757,-210.34734,310.73666,52.14869,-210.52461,314.0472,51.43379,-210.53004,298.4928,53.099342,-207.5791,295.72055,52.60804,-207.76183,292.77814,51.925285,-207.85825,319.53775,46.450966,-142.52481,290.22287,47.807182,-130.87283,308.70386,66.31019,-184.35506,298.94977,66.37084,-182.03204,348.13696,80.47333,-86.9407,262.72632,81.146416,-56.462784,383.0728,116.909164,-140.03766,228.06833,117.94409,-116.67105,404.7906,83.2167,-256.20236,209.54723,80.78388,-263.94135,412.38013,70.390274,-279.8811,200.93816,68.83675,-293.37585,407.87332,65.39923,-285.23166,205.85391,62.40151,-297.3682,402.8736,69.68881,-260.49457,210.95575,65.962524,-270.72552,326.06787,182.68317,-0.09286426,283.13504,178.78603,0.050169624,338.55057,275.89252,-18.058512,276.51382,216.7171,-202.14175,331.56445,281.3189,226.96466,279.3708,296.58588,-124.01926,324.93222,278.3082,250.73447,282.2448,304.85806,-117.040596,335.7195,311.29834,222.68411,280.0676,327.80637,-188.63783
image112.png,871.75,373.65118,-502.80472,898.81946,341.42014,-443.93277,913.5917,342.2967,-444.58533,927.9387,342.84418,-444.6563,862.6868,341.1381,-416.2538,853.4691,342.17572,-417.2737,847.37384,343.31927,-417.71002,961.4754,365.09427,-149.28503,851.60657,361.53116,-35.7369,899.87286,416.53485,-393.92154,858.4419,413.28592,-365.55435,1059.2688,629.7806,-60.75394,747.59106,622.1653,205.12788,1087.185,922.5977,12.565131,691.38995,874.8125,269.9626,1093.4454,1176.0812,-54.68165,633.1539,1128.8839,103.17324,1109.5215,1240.3154,-104.17208,611.5416,1187.6288,62.78106,1090.538,1244.5946,-166.72751,606.27826,1189.305,-10.822969,1077.5603,1223.6444,-74.611145,620.99066,1168.8958,66.61474,943.4114,1088.5417,-48.461636,768.8776,1068.6202,48.084843,1013.7186,1489.0746,24.709145,661.23706,1165.4958,-1167.9342,1088.3474,1355.456,1290.0155,743.9107,1578.9287,-1106.3107,1086.3718,1306.3588,1417.8344,778.59546,1634.855,-1106.4849,1101.1478,1470.4025,1265.0062,684.8514,1705.0502,-1495.9523
image115.png,668.9501,723.5601,-454.0231,699.1267,677.32794,-537.5821,708.06537,678.10846,-538.1912,716.7226,679.0834,-538.38104,695.1643,677.3582,-390.41336,699.498,678.1421,-391.32098,703.7881,678.57446,-391.85724,782.3373,707.9605,-776.9578,776.7295,709.6058,-116.74717,688.82184,780.56775,-515.05347,683.3914,784.09735,-332.1058,839.71265,1048.4077,-1097.6415,909.3698,1027.9493,368.59393,881.22156,1497.532,-1270.3475,927.141,1483.6492,465.4308,825.1425,1918.3081,-995.6191,864.4792,1859.8668,268.7706,831.8855,2024.0277,-1087.08,851.51324,1934.0925,237.61987,784.02124,2022.9927,-1071.8672,821.5196,1951.382,137.82487,781.3049,1995.6334,-972.7275,823.7662,1933.043,208.89479,890.0489,1735.8625,-461.974,951.8506,1730.8025,460.89264,277.53604,1770.7219,-214.15167,1174.0455,2228.6758,653.3154,550.2106,2282.375,396.8084,1717.2052,2148.649,893.97046,651.01074,2362.8323,452.4198,1842.9266,2122.7695,933.1493,278.6004,2393.884,396.07596,1708.6282,2335.5847,900.1863
image117.png,189.61565,63.55716,20.650867,193.0945,58.428623,7.305803,193.87416,58.51757,7.236452,194.62741,58.662018,7.2033496,193.10056,58.298466,26.952038,193.87187,58.27754,26.834362,194.74876,58.245796,26.798615,201.22284,61.623466,-31.27218,201.67946,61.439854,56.120598,191.9909,68.8955,9.870005,192.03456,69.01685,34.32111,207.32324,94.6402,-78.14289,209.90068,91.01355,115.011185,209.00372,132.16423,-69.66758,212.7807,121.89417,137.96117,207.77832,148.44621,10.185383,209.67313,145.67386,104.081116,206.4811,150.44449,10.792908,209.52109,149.11197,103.92569,207.50662,148.07233,12.975293,207.17894,149.15805,95.32502,208.11853,148.17722,14.534528,207.78252,148.56737,97.80807,204.80707,166.49594,-61.188236,211.4372,166.75955,61.097805,145.20248,163.34525,-53.69759,236.53267,222.32048,34.03793,156.93425,220.35033,-9.640442,291.78223,210.43436,47.580826,165.54604,230.97104,-5.5030084,301.6998,204.57706,51.147564,130.86208,233.5855,-18.042837,297.74554,228.68823,39.822582
image118.png,639.7499,144.7299,-257.62277,652.6994,128.84259,-251.72253,658.3733,128.24956,-252.14415,665.8161,127.94364,-252.08559,641.0589,129.71317,-215.42175,639.64404,129.3194,-215.9105,638.3362,128.58368,-216.01299,690.5385,133.38629,-163.28407,652.75433,133.48259,-0.7948508,656.1865,161.07616,-218.23442,641.54443,160.92717,-174.93033,740.6195,224.26163,-177.14877,654.81604,221.67998,234.48744,850.1593,303.90662,-145.06364,700.72797,326.2502,343.79474,776.0651,390.70978,-92.07161,659.5916,391.76306,234.89096,741.10077,404.90958,-109.5657,653.87616,408.3999,223.54451,741.21063,382.74524,-103.77562,647.40265,404.93115,186.2662,749.8569,377.55817,-82.56033,648.69293,395.44562,213.18198,753.2599,470.26086,-119.29505,673.63,464.14938,119.16099,819.2978,659.9803,-240.97597,514.4184,486.47983,-204.70824,965.6526,630.43994,120.60928,559.58234,683.22644,-191.6906,997.4105,617.3471,157.16429,579.87085,714.11206,-193.83887,954.9289,699.3564,110.32024,486.1651,731.21765,-303.33997
image119.png,680.2033,92.554214,56.35385,666.31287,74.91972,73.28679,663.8312,74.666,72.99439,661.17914,74.53146,73.02795,665.6277,75.241714,23.230465,662.7646,75.57259,22.784256,659.39154,75.965866,22.729595,635.2717,86.58716,160.94545,633.43555,87.74424,-61.025116,674.38916,111.839165,96.49367,671.44965,111.93562,30.117188,612.3849,201.48523,296.916,607.1186,205.01979,-154.5349,673.2852,339.8703,181.2138,674.21484,363.77994,-101.72649,722.3666,258.51572,-115.96152,727.6759,270.8152,160.53316,737.28546,238.31021,-150.33887,748.3887,242.76215,166.63959,730.16266,223.34778,-150.18103,735.0479,231.38098,179.06784,721.9021,232.58943,-126.10939,723.5699,241.12718,174.0311,618.31866,463.92346,157.19867,636.58923,465.1235,-157.6661,546.4904,644.4776,162.38564,850.90814,459.6145,-146.2598,352.4083,608.14954,121.98594,792.1307,664.69293,-61.763767,317.61853,595.04803,118.2145,762.18414,697.14166,-46.818333,341.59625,679.862,101.75212,883.1737,698.88165,-37.202866
image12.png,527.77295,156.21138,-228.83801,534.56323,139.08899,-246.06535,538.46094,138.21106,-246.47014,543.338,137.1556,-246.45172,529.65375,139.66875,-206.82971,529.4457,139.3566,-207.26366,529.1752,138.7844,-207.48177,570.26794,139.10849,-264.64606,548.58185,140.82614,-86.49371,539.7939,169.37712,-229.52353,533.1712,170.98445,-180.69513,627.39044,228.32535,-332.54208,568.8977,237.04932,93.30614,634.4855,366.99576,-357.69617,569.1924,353.2221,129.96681,622.17505,487.59018,-340.34668,550.37067,436.92358,23.61531,628.35895,519.66925,-377.42892,541.37836,458.41507,13.229695,613.89905,518.76935,-381.48483,538.43396,461.80075,-24.058187,610.60156,507.89407,-338.32837,544.2672,452.89746,2.8065157,665.08356,437.1286,-120.23967,618.3159,433.8495,120.08737,725.1673,605.06885,-247.20872,455.57495,439.64822,-3.0726538,871.1255,571.67456,-31.918379,477.5372,617.0548,61.520153,896.75256,554.8391,-12.398657,503.54556,641.73645,65.47795,864.3059,627.0744,-64.61599,411.37732,669.9231,23.118431
image124.png,760.9563,300.11548,-11.4413595,745.0827,284.82693,3.0623617,742.41754,284.69696,2.6624222,740.0072,284.78696,2.6909792,743.7065,284.89975,-48.904343,740.26324,284.99084,-49.28288,736.48145,285.22403,-49.350956,714.3873,294.9036,75.01138,708.7312,296.58295,-159.7233,754.87695,317.55545,23.317123,752.93427,319.23627,-46.63314,653.08606,388.11316,234.4972,701.08057,394.81635,-282.6851,683.5467,509.10367,344.23587,803.2774,511.47287,-184.29994,730.4821,505.80234,374.6582,820.9814,411.66327,140.02115,740.6755,501.5219,407.81927,835.5471,384.963,140.83258,744.08386,499.25235,389.04218,816.02563,379.57117,144.28394,739.6579,512.7619,367.88477,807.4455,388.9171,146.5635,630.93304,626.20886,173.58406,609.13617,639.7703,-173.6154,803.91174,637.7796,389.0754,566.94666,849.03595,-321.2048,747.108,818.5712,482.83066,346.31253,811.3469,-240.45117,716.42804,851.84094,486.6605,308.38263,791.27576,-223.89989,829.7945,855.1347,501.64096,344.56122,891.8541,-229.49002
image126.png,202.61726,60.032368,-81.54288,200.73264,55.2102,-67.54778,201.24574,54.979065,-67.605255,201.80455,54.786095,-67.594894,198.5434,55.76592,-81.36234,197.29514,56.020775,-81.48593,195.60295,56.370914,-81.545135,197.32953,58.048546,-6.3173146,187.99223,60.35074,-68.10425,203.17839,65.64583,-58.08576,200.0846,65.99094,-76.50625,207.61304,93.56116,47.057182,168.1846,92.37664,-79.91688,209.25412,129.67816,67.67376,162.98396,134.49971,-98.2952,214.4194,160.34698,31.675615,162.34766,172.79149,-106.21475,216.7523,164.13693,27.689425,159.79645,182.32944,-120.90514,217.73793,166.11273,12.462954,164.99767,182.29346,-126.37324,215.95303,162.44502,24.363731,166.68915,179.45299,-108.43846,197.67528,153.92377,32.04225,174.44167,159.05135,-32.13523,224.14655,152.29335,-111.51236,159.9369,211.07759,-65.77359,214.50073,210.93527,-103.69982,125.63136,193.79788,82.33831,207.66391,218.83357,-105.03368,119.258705,186.72043,97.77781,232.36858,223.75334,-149.84967,121.075966,210.30682,82.19895
image127.png,571.66125,122.75684,-68.13258,575.9734,109.86663,-98.59347,580.4753,109.03784,-98.97076,584.03973,108.426575,-99.003105,571.5615,109.8742,-53.045986,571.7935,109.055214,-53.464993,572.1446,107.79635,-53.670586,604.19525,109.58221,-163.21968,594.61444,108.94045,41.5617,584.0441,135.28456,-84.88199,577.5047,135.89793,-27.822231,637.7211,189.89616,-253.10867,602.12134,191.4382,192.57492,576.1613,287.0466,-211.9012,553.8506,286.58774,113.71654,512.4062,215.60732,2.5355947,504.49622,220.5024,-155.59718,491.7839,199.02257,4.156544,487.99277,203.032,-183.15533,503.55756,189.27325,8.34024,496.8131,197.20741,-188.99533,511.34705,195.41537,12.858967,504.62555,202.30486,-169.28099,649.364,395.1205,-133.42995,616.338,384.67996,133.35909,727.29315,542.0804,-206.25323,471.6466,390.09592,159.31496,874.7859,499.5759,-32.588566,500.31726,535.9036,212.82031,898.08264,488.01868,-14.922465,522.61066,558.8585,216.85219,854.70184,559.1838,-45.558933,440.63492,576.1275,191.16315
image128.png,369.9394,100.00355,-13.229207,360.11795,88.139626,5.3931737,358.14844,88.3285,5.1941676,356.16867,88.56448,5.1706753,358.9862,88.799225,-44.985985,356.24274,89.56388,-45.254265,353.45282,90.37699,-45.310143,336.3121,96.62721,86.97979,335.38803,97.68809,-138.06522,363.50073,117.047935,22.96893,362.84473,117.483215,-43.85101,315.73688,176.89589,206.21423,309.8782,176.07825,-254.69933,298.48697,268.28564,180.80594,285.46536,273.43307,-257.1123,343.7653,329.5782,-0.058639493,341.6446,344.81137,-102.35196,354.06906,340.25858,-13.087473,351.07446,360.33444,-119.19724,358.201,338.06125,-38.232655,356.26367,353.3348,-117.336685,356.38095,333.79288,-15.777917,351.47568,348.0976,-98.18227,340.9469,378.01428,144.29295,310.19614,386.20105,-144.42741,490.6767,372.61707,55.31931,262.5935,551.1165,-274.88547,497.07758,528.5591,160.90028,93.517494,519.6446,-119.23537,479.53476,556.0085,165.7344,65.856285,509.75174,-98.61517,567.03253,566.0258,148.76982,98.76898,576.83997,-110.1583
image13.png,114.06614,54.880333,-167.13528,112.418274,45.603813,-144.77843,114.00418,45.163586,-144.92877,115.20972,44.770237,-144.88828,106.42841,46.300777,-164.94106,103.56869,46.60802,-165.19171,99.52359,47.018337,-165.31393,108.50625,49.736412,-32.3748,86.53153,54.125828,-122.94776,116.9675,63.936047,-122.858116,108.14487,64.850845,-150.19131,128.13063,99.23788,70.57917,66.048294,108.55002,-120.089714,147.17879,148.09715,98.022964,20.09603,167.12277,-141.12625,148.72797,193.08629,-6.217014,67.2708,211.39175,-165.63461,146.23335,207.47733,-20.657331,78.882645,218.32063,-191.89003,141.85846,205.40053,-37.543476,82.33109,209.8778,-191.29921,141.79955,200.29604,-15.075234,78.91575,206.993,-164.74155,119.52944,225.49693,69.01751,88.3469,227.35081,-69.05419,99.16373,303.3719,131.19006,175.64006,265.3178,-251.68153,42.950935,275.6132,370.8065,163.3604,358.52637,-120.407234,29.40379,268.2918,395.06445,150.2307,373.12598,-105.816414,38.719612,309.27258,383.6488,198.91898,390.60916,-163.0029
image130.png,1186.8296,208.63245,-71.4641,1166.0149,165.76544,-27.69044,1159.9865,164.53166,-28.344713,1153.3905,163.46164,-28.26719,1162.3544,165.30537,-163.43134,1152.6715,164.28708,-164.34073,1142.7075,163.55406,-164.59157,1084.2853,183.58565,202.02449,1082.625,181.78706,-409.38177,1166.8867,252.08871,33.584805,1161.167,251.72218,-149.10928,1017.7556,441.4638,557.2885,982.3362,433.30115,-701.5613,874.3903,698.4379,623.60815,833.0628,705.0424,-726.71265,954.6386,918.3611,268.45657,930.19055,976.46924,-438.69443,998.78827,970.6897,243.24785,981.2754,1023.1824,-513.61414,1002.8447,954.7755,162.5548,990.64606,989.3304,-513.9173,994.37683,933.9674,224.24814,976.3056,972.4237,-432.02014,1010.9693,1046.8622,399.47855,940.9488,1072.0177,-399.7963,1438.3607,1086.6401,690.45416,829.203,1596.9669,-802.93713,1354.3137,1543.705,989.6095,342.40384,1538.1664,-497.36932,1301.6625,1629.1523,997.56726,247.35332,1514.7134,-452.32385,1553.0555,1642.5482,975.33044,330.41113,1717.8088,-514.12146
image132.png,782.87897,169.98634,-461.59998,787.9439,148.31894,-430.74313,791.8975,148.84192,-431.09457,795.549,149.25987,-431.2339,774.1665,143.46896,-452.91403,766.73016,140.46324,-453.40784,759.3203,137.90196,-453.82794,777.4695,148.50253,-238.1889,725.8827,135.98788,-335.78693,775.27325,193.24997,-380.39685,762.12494,189.15106,-411.70093,815.14014,268.98486,-145.14148,597.9677,255.7657,-235.99141,791.0221,426.63007,-202.72229,617.8331,430.47952,-320.80017,862.3915,476.8301,-453.94104,786.2869,464.22504,-493.7963,879.2711,489.08096,-520.5639,824.01666,482.80402,-565.76105,885.9587,470.44135,-558.5056,840.62823,461.75308,-561.61334,874.9246,465.5479,-476.17535,830.55707,452.85486,-495.57538,770.91974,530.97906,-43.91837,666.4329,535.9934,43.604706,619.9995,584.6146,-541.412,703.703,778.191,-59.959248,620.30396,838.19696,-319.09854,843.5692,709.35516,546.4067,647.1219,875.91223,-300.54202,863.23157,683.57855,613.42725,543.8689,922.31665,-485.31644,855.71136,757.3986,548.90753
image133.png,846.76196,301.21906,-534.5162,856.4026,272.5117,-472.27554,862.05096,271.7558,-472.76987,868.1688,271.38605,-472.82812,833.3376,269.16693,-534.333,822.8066,265.44275,-535.1179,811.67206,260.99274,-535.51825,844.2593,270.2359,-140.5696,764.63617,251.31248,-417.27258,841.56635,330.11523,-401.2008,814.2095,326.04642,-485.5929,866.8209,445.98532,167.77518,610.81335,423.53687,-437.2618,891.79736,666.17535,325.4495,508.80222,680.0207,-476.7751,962.6924,854.98584,147.72752,574.443,940.77936,-486.14716,976.5221,901.25934,116.88251,565.9172,1014.2801,-560.37,985.4784,904.22754,28.228643,602.63605,1006.97577,-598.77985,977.37714,892.8077,106.31473,610.39087,987.02576,-500.65826,804.7775,858.29517,152.16722,660.40027,884.61755,-152.9027,1085.0012,934.14185,-584.1926,597.6398,1272.6666,-345.93896,1067.0076,1315.6252,-406.9971,410.29144,1141.426,640.70935,1019.66144,1368.5819,-400.08768,393.7009,1099.1886,746.53186,1190.4425,1446.0858,-644.59283,368.33316,1258.9529,696.24225
image136.png,536.9195,327.89978,162.0,535.42456,333.1771,161.2769,535.5178,333.66556,161.10686,535.6038,333.8886,161.0487,534.8799,332.37503,172.59908,534.3368,332.04465,172.4778,533.815,331.90625,172.43413,533.26843,334.1709,143.03622,531.2576,331.8186,194.06795,536.9036,324.93277,156.10246,535.9244,323.73926,169.44312,530.0162,320.16382,59.904514,527.34753,310.60797,170.31625,528.54285,293.28394,-49.090015,514.9058,279.58133,41.955334,525.8997,298.66867,-111.49075,520.6439,295.32034,-89.76061,524.07025,303.14572,-124.04897,523.6462,302.56055,-110.03324,521.80035,309.33667,-118.788536,520.9911,306.50372,-106.80234,522.0823,308.01822,-109.28076,518.6656,305.72894,-94.31467,546.85034,254.56087,-45.550655,543.3481,252.78981,45.0694,564.9491,272.95,-123.74314,569.7677,287.62042,-6.034502,500.12357,278.17862,-233.73808,510.7206,300.2899,-206.25189,489.35773,268.2587,-245.6956,503.6511,293.62924,-228.65897,485.0974,308.62845,-279.18665,497.5887,330.32956,-273.99084
image138.png,269.0633,65.198906,-34.060574,281.25342,55.073135,-45.17415,285.54492,56.060707,-45.384712,290.01593,57.146145,-45.47485,275.44952,54.55951,-2.7511728,274.91974,54.78242,-3.017581,274.47662,54.814125,-3.1305985,311.5511,69.37748,-69.60023,290.43884,65.58598,119.89304,275.80164,81.76528,-38.874115,269.00552,80.956184,13.911511,353.9937,148.85695,-168.23488,276.98624,163.15411,265.04745,366.77197,259.39032,-158.74347,294.3056,265.3775,273.65015,369.9039,352.23502,-67.37102,299.9057,353.44586,107.33193,374.48486,376.71808,-88.120605,295.58237,369.9109,87.82701,373.63696,379.62106,-91.1764,293.1169,369.19666,57.06181,370.84503,370.00546,-63.149853,296.19955,362.58194,86.40447,344.34918,346.796,-145.0508,306.21414,346.27673,144.74417,191.39124,336.3953,-312.36636,348.48215,475.71945,156.85959,208.6573,529.6266,-181.5777,466.44418,430.7413,419.9221,222.44164,556.3523,-170.1614,486.5526,418.87866,450.98486,127.9446,568.87146,-246.8473,476.89838,488.64478,431.06583
image139.png,335.405,269.29153,-66.74005,332.85385,260.61023,-49.89494,332.84775,260.16418,-50.103935,333.14362,259.8132,-50.026993,330.6039,261.22168,-74.263275,328.44763,261.35248,-74.56653,324.95923,261.7156,-74.69815,323.27136,265.17056,39.949978,310.68,265.84366,-70.97217,333.81192,279.62592,-29.211733,329.81262,280.31796,-62.72209,337.52136,312.9437,142.56516,304.23557,313.38852,-132.30356,401.81778,314.04932,170.10565,374.07678,308.606,-220.05447,468.36063,300.61105,123.100426,449.08508,295.68988,-239.168,481.32965,297.67807,128.80368,471.23846,293.43814,-277.37912,483.5173,295.168,97.63839,467.06293,293.09695,-251.84196,479.39056,297.6312,108.99132,464.32904,294.87228,-231.3176,341.06348,447.4013,86.1061,324.1551,447.78107,-86.2629,341.94778,558.24207,65.09141,417.53906,453.7948,-219.72925,243.5071,551.2262,159.95105,392.65686,567.9414,-157.54372,222.86899,546.39575,170.49422,377.65335,584.20496,-148.80132,243.6377,589.37164,138.49489,431.42633,589.455,-188.9079
image14.png,153.45375,49.905518,-132.58556,153.02403,41.045025,-110.376686,154.86827,40.863728,-110.53159,156.58173,40.787743,-110.51283,146.65657,41.57159,-129.72975,143.57674,41.79417,-129.93906,140.34169,42.127304,-130.03375,149.1221,44.77115,-5.8492637,127.182945,48.03331,-91.98925,155.77766,58.53142,-91.56714,146.95898,59.503143,-117.70511,164.19081,90.66639,94.93479,107.428474,102.0728,-98.3791,185.32297,134.21492,155.3463,64.55961,163.05452,-113.62955,188.78865,175.98125,99.2353,107.04647,209.49582,-119.17489,185.40082,189.09306,92.74971,121.94077,215.49612,-138.13835,182.15906,188.51683,73.773415,123.559006,206.43246,-136.25616,181.43686,183.33237,90.67675,119.00357,204.17044,-117.23941,169.47658,212.2833,59.812244,129.66168,223.55103,-59.972305,233.27763,247.15636,-136.2219,106.07501,312.96646,-102.100586,219.87936,332.99567,-82.84282,46.645267,271.06726,136.42397,207.78625,346.2042,-80.4878,40.0783,258.70026,162.24562,251.5252,364.54468,-147.42975,45.109142,302.98096,148.01276
image140.png,537.1127,407.83734,16.778696,531.60626,400.842,23.708487,530.55963,400.88052,23.55583,529.4999,400.90836,23.578999,530.856,401.06906,-3.0197086,529.1271,401.17352,-3.17319,527.42456,401.28387,-3.1678052,516.32007,405.93762,56.88926,515.2744,405.989,-62.318214,533.5644,418.3981,33.247536,533.4735,418.37024,-2.2340314,483.23187,454.0237,121.21341,516.65375,459.24927,-131.92953,438.6838,491.8226,102.48011,574.3286,505.11545,-83.208,471.03055,543.47644,26.259317,570.4157,450.88217,80.741,477.80197,551.16876,27.17725,570.5062,436.67947,78.93811,480.67007,550.22284,18.11261,558.8631,438.10373,78.461876,479.28534,547.75714,20.766857,557.27124,443.57324,83.184845,494.19498,572.82983,86.889114,491.30978,578.27435,-86.937195,581.76776,577.99524,156.02985,492.69016,687.6012,-157.83583,565.8919,673.3059,191.55333,392.30057,663.6743,-43.84717,552.0209,691.0116,191.65897,373.66016,654.26056,-27.48822,604.7466,686.325,196.25603,396.0223,702.8842,-7.617915
image141.png,632.4525,160.67444,-288.20383,644.97974,138.6628,-305.53113,651.6358,138.45076,-306.06967,658.64575,138.83835,-306.1105,638.4154,138.75586,-250.67561,638.5821,138.55074,-251.2536,638.4742,138.07481,-251.4894,694.8777,147.31085,-309.12476,666.4439,144.67955,-61.668102,648.9088,183.19295,-283.32492,637.0461,180.7652,-215.54231,784.1937,277.18027,-396.1319,657.4176,279.5386,165.71298,921.4067,386.48416,-379.62845,768.61426,427.22058,160.8934,848.2508,543.27356,-288.3259,704.07587,520.1878,-81.61338,827.9128,573.82263,-316.36472,702.12164,549.09375,-109.8803,816.23157,556.0907,-310.24115,702.6955,546.72577,-153.83687,819.1043,542.5601,-277.40057,700.04877,533.6456,-109.053246,814.8459,600.993,-177.74164,736.0136,585.0257,177.52309,929.90173,844.0382,-338.68225,512.48987,594.6476,66.357834,1121.9122,759.80396,45.05313,579.2054,830.97296,85.97753,1155.3334,737.633,84.911766,616.9119,876.6156,83.53843,1117.9542,850.12604,33.327007,487.8632,890.6321,-0.72646433
image142.png,507.36417,82.283195,-181.81752,513.841,71.166695,-146.07558,519.9726,72.47588,-146.26735,525.5045,74.09135,-146.29878,499.0727,70.23194,-155.20927,492.4364,70.82159,-155.45297,485.46286,72.009834,-155.57501,526.9088,84.184616,2.2161412,470.85352,83.34011,-34.590652,512.9913,103.43662,-126.52262,494.05164,101.2208,-139.38756,569.6338,187.56914,60.258442,425.349,178.28899,-2.945624,653.7374,268.88998,1.1168942,330.3221,264.5243,-53.87137,606.44684,336.4243,-236.38763,406.12286,344.0142,-173.77876,595.7177,354.00684,-296.11694,429.3325,356.15723,-221.59895,581.60297,339.44586,-305.42004,436.8158,337.88406,-224.92981,582.27704,335.89713,-245.25494,432.06982,332.97958,-177.84332,547.95386,358.2268,19.09846,469.03595,368.9924,-19.404064,599.9876,402.5834,-393.95602,443.0009,506.85138,-18.668697,571.2663,574.0801,-273.17242,423.46002,510.97177,450.12997,561.7773,598.57544,-263.73752,413.9249,483.13348,499.49445,572.4262,619.59814,-389.6654,421.8683,536.76447,464.9933
image144.png,752.41705,143.11458,-105.776024,738.2068,124.2015,-79.096275,735.44836,124.13647,-79.488655,732.6071,124.08268,-79.44479,737.02185,124.88437,-149.2385,733.18677,125.37457,-149.79199,729.186,125.86318,-149.99075,701.7156,136.92865,52.904408,699.1987,138.27919,-262.9076,745.2493,165.08168,-45.85183,743.6043,165.9389,-140.12737,669.71094,272.8033,236.46095,651.95404,273.52673,-376.93823,660.7993,442.5973,254.55505,641.7585,448.32947,-474.9128,690.7943,567.303,79.21221,658.8744,588.3294,-414.25522,694.47626,609.8449,61.93962,663.476,629.03186,-461.59012,706.1943,611.38904,17.947483,682.00146,626.6951,-459.39267,705.8582,595.9475,54.20148,678.2666,612.9045,-410.3995,676.1193,574.71185,190.98795,684.59296,570.19824,-191.3944,639.43225,803.06006,245.69064,904.1809,631.2941,-169.6607,411.75452,806.9861,387.7856,866.8317,856.45197,68.58393,362.88022,809.2881,399.8744,836.81805,900.2605,93.907715,435.81378,890.94507,372.75385,963.12665,892.4592,50.478294
image145.png,581.73114,97.84651,-314.59854,596.2744,83.67577,-305.76907,602.61646,84.249245,-306.05252,608.7969,85.03924,-306.1439,582.6801,83.40718,-280.60214,579.5339,83.42056,-280.9307,577.11426,83.215256,-281.24936,626.28174,95.09728,-225.75243,582.91315,90.06702,-115.610115,594.634,115.89074,-281.9177,577.95447,114.850975,-252.30545,671.7795,193.46245,-237.90207,552.3909,189.05997,38.014618,673.5164,322.55145,-296.53995,522.7755,310.19733,-110.89347,594.2476,246.92706,-319.51797,539.2707,264.03424,-439.2435,578.40063,224.62656,-346.6568,540.6909,254.19508,-491.36057,590.9349,213.76904,-337.31638,536.55084,232.09015,-485.7072,592.77814,222.3811,-311.79324,542.14606,234.91098,-447.8866,653.02313,379.91415,-102.868866,588.20166,379.4893,102.63717,523.0757,431.73932,-259.88766,597.8807,524.7316,87.66126,560.9853,583.7405,-92.67293,689.5001,470.92587,387.72403,583.00934,604.28143,-76.9277,706.85834,451.9472,422.0413,495.9866,634.65076,-163.51537,694.26807,521.7146,404.23892
image149.png,774.9893,214.28792,-59.97123,769.1238,199.36186,-48.671944,766.4792,198.44873,-49.047462,763.7656,197.30751,-48.912434,769.152,199.54675,-97.50231,766.809,198.79898,-97.90933,764.29376,197.83228,-98.06544,741.0492,198.31425,22.237968,741.4169,199.67572,-197.0363,764.1032,229.3244,-26.028929,764.0123,229.15074,-91.943474,714.4434,290.60175,166.47931,708.4616,298.52072,-311.79108,774.9026,384.1833,11.336172,799.6368,407.27197,-198.71707,777.88666,314.55136,-310.81708,784.4254,307.69394,147.47034,775.92566,293.0623,-339.92896,786.3286,287.47247,150.66185,769.4201,288.69708,-322.66162,771.98596,286.04855,132.42953,770.3041,298.13815,-312.50912,769.8939,294.2873,147.82901,675.2259,517.7045,157.63501,640.3983,526.78534,-157.83437,830.3658,521.4035,436.44193,580.7861,708.4258,-305.15454,773.16034,679.27606,465.09317,405.91843,658.38336,-121.648796,740.7698,711.63916,458.5348,374.31274,637.72723,-94.58987,848.4807,717.23566,436.57443,397.3136,730.817,-93.41439
image15.png,899.94574,190.89569,-58.79122,916.9966,159.26305,-121.58577,921.17175,158.79459,-122.303345,925.95337,158.33478,-122.41147,915.97437,158.90887,-35.26683,918.4591,158.3234,-36.16158,921.66724,157.2704,-36.56248,968.3457,171.80502,-250.0693,961.2599,172.92659,136.96295,910.48865,217.81644,-91.89829,909.3817,219.97003,16.042324,990.7787,350.2689,-442.0878,972.47253,340.70435,411.8165,784.9789,497.814,-320.01334,816.7908,450.73297,120.992294,780.1287,320.43402,207.4321,784.1735,317.8189,-512.72974,774.51733,276.41736,219.50745,771.77124,278.69696,-584.6777,812.519,274.24084,216.87735,808.8992,278.14862,-581.321,817.0027,289.8182,223.50153,815.55536,293.1065,-537.1599,1036.3052,761.3675,-268.77408,971.7354,742.8663,268.41034,1108.1484,1128.8424,-379.82867,683.8491,745.9028,388.2867,1438.0267,1031.4563,-151.401,782.37213,1067.4358,398.0429,1490.4878,1001.02844,-127.20466,834.001,1119.1936,394.75156,1413.9388,1152.9491,-183.62773,650.6635,1134.1326,337.88724
image150.png,350.9381,94.9737,-60.967888,348.11478,87.477165,-52.237125,346.83264,87.0469,-52.392746,345.50885,86.554665,-52.388462,347.57233,87.897545,-77.75378,345.97382,87.70043,-77.949814,344.2298,87.34135,-78.007095,332.69363,86.54599,-10.956137,332.08136,86.75098,-125.61821,344.263,102.352646,-41.84792,344.31317,102.3164,-75.90919,312.3426,130.86917,63.9237,307.8907,136.6121,-174.53882,315.00186,196.47762,95.82279,304.7655,210.668,-198.46149,335.99734,242.57935,62.91546,329.0039,269.40756,-160.04443,339.15442,251.10498,62.78711,331.11966,288.65845,-179.15988,343.90808,250.77306,42.22896,341.44727,285.61996,-175.87234,341.2699,250.00296,53.14928,340.09366,279.6812,-157.25697,277.0766,240.82782,74.89556,288.2849,244.09628,-75.0849,232.2243,304.70987,130.49074,375.40717,241.49431,-50.801044,152.95488,280.93362,142.5147,340.37177,310.89194,66.84563,138.4707,271.84912,143.33617,326.9431,323.59503,80.300865,142.11606,307.70825,128.66733,376.36676,332.26788,83.1671
image151.png,606.8992,118.81727,-210.05376,600.65845,100.184044,-179.85759,600.2418,99.717926,-180.23883,599.8848,99.29432,-180.39966,595.74817,100.080826,-235.49344,592.29877,100.26976,-235.90846,587.94,100.54927,-236.26395,568.5431,109.43548,-31.580246,555.2736,112.59211,-282.6152,600.3573,139.38573,-149.72981,594.65027,138.53465,-223.84888,567.66766,204.26152,168.7083,501.48553,215.15855,-347.34277,626.30225,232.31973,582.78845,428.59818,339.9016,-708.5942,641.0955,206.18857,876.5581,447.8204,199.94142,-1033.055,637.60236,194.1771,943.8169,434.60144,173.27853,-1115.5718,627.752,184.51694,903.1151,431.44247,167.2014,-1100.3256,630.8863,193.27141,869.34406,440.85062,175.52235,-1037.4813,572.2034,455.5121,150.63129,513.9061,469.58908,-150.769,757.4943,447.71167,-70.75581,545.3182,569.1735,-251.80984,719.5708,658.3465,-71.52615,492.12366,714.3629,40.15151,705.58966,693.0665,-78.38774,475.36584,734.9208,69.414764,755.444,700.5086,-198.95157,521.2007,763.92065,-8.664471
image152.png,923.49286,280.2256,-337.64932,950.7758,249.417,-292.3993,965.0265,250.01881,-292.84818,976.8717,250.65207,-292.84787,916.2081,250.2462,-269.802,908.3116,251.78522,-270.74918,899.61633,252.96806,-271.01282,1003.3787,265.86575,-55.615623,903.2368,266.98483,39.83877,953.84094,319.7196,-247.62044,914.6018,316.82114,-223.55687,1130.3134,472.2227,23.094685,813.74005,472.3046,231.3597,1201.5204,718.9315,116.73507,755.2859,709.3443,268.83023,1223.0455,940.583,66.362526,729.8908,923.2663,144.56294,1242.2094,1002.34485,34.17715,720.1326,971.19867,116.797295,1218.0925,1010.8876,-26.216421,724.3754,975.4344,63.554626,1200.6552,985.6765,46.959236,729.7103,956.5286,118.86885,1033.0337,875.2828,-57.75274,877.9181,849.0094,57.23399,1100.4679,1244.8844,-131.00018,744.3825,865.1633,-946.1427,1239.1766,1142.7979,874.5187,806.64825,1228.294,-966.0123,1240.9503,1139.6632,976.2556,832.38196,1281.0344,-973.6634,1234.0096,1242.3491,836.2544,757.0013,1310.0553,-1278.2941
image154.png,500.77728,117.07719,-0.16052492,495.56204,105.74194,12.472039,494.1203,105.44062,12.226961,492.8372,105.08423,12.275443,493.16132,105.46503,-24.812738,489.92963,105.150536,-25.080347,486.80093,105.0273,-25.129166,473.68805,110.70639,72.60233,468.63712,111.26824,-94.055016,496.0244,130.36955,26.423515,493.34985,129.70953,-23.456394,463.49908,185.35785,167.32759,455.30176,188.37747,-183.59576,528.72577,246.44913,31.277668,544.51746,250.86545,-105.22873,523.7634,200.5746,-251.43062,526.74506,195.31374,134.46852,523.9776,182.40315,-280.44778,524.8629,177.93172,133.77722,512.57935,181.32932,-268.93362,512.9108,180.2977,118.00904,510.39423,192.29604,-254.24332,511.629,188.85081,132.86142,473.73395,366.14346,111.14171,447.83844,375.97086,-111.31016,597.5722,388.87988,177.08052,386.24683,504.6301,-209.06987,599.84235,520.2422,258.35922,248.48547,518.12445,-166.1184,582.65356,542.6735,259.82217,219.72345,509.7529,-158.57741,652.03516,553.4854,226.99654,232.36513,560.15137,-199.87758
image155.png,1289.195,244.96692,-349.88055,1307.9717,206.73111,-427.37698,1315.7041,205.656,-428.24918,1324.5299,203.93733,-428.17303,1299.8198,206.4122,-323.2307,1302.8857,205.512,-324.3296,1305.1978,204.32831,-324.8562,1387.0872,207.60397,-584.05396,1358.0787,211.5205,-108.48721,1320.6782,281.85745,-384.24106,1307.6555,281.51575,-252.99634,1480.3517,423.85992,-769.9043,1428.9832,430.94214,293.17328,1488.9294,769.0796,-875.1901,1429.9058,768.79425,372.9928,1440.8033,1060.464,-796.8804,1388.1111,1002.95386,122.372955,1441.4426,1135.1356,-869.46356,1370.605,1068.5269,103.25005,1408.1545,1129.8618,-872.92554,1352.3757,1078.0011,17.375504,1409.4417,1104.7695,-787.8059,1367.9481,1056.5896,74.465904,1460.552,997.87396,-331.2053,1389.3005,977.0939,330.75592,1627.2887,1434.7178,-434.73218,959.0982,971.7394,358.37296,2067.0786,1349.2734,-165.6527,1012.5719,1417.4634,509.80255,2147.2495,1332.1144,-145.55914,1069.3743,1499.9541,518.30804,2020.0803,1499.5354,-285.0683,810.4754,1515.4227,446.83365
image159.png,303.3138,61.83379,-214.59508,307.3993,52.844757,-210.34734,310.73666,52.14869,-210.52461,314.0472,51.43379,-210.53004,298.4928,53.099342,-207.5791,295.72055,52.60804,-207.76183,292.77814,51.925285,-207.85825,319.53775,46.450966,-142.52481,290.22287,47.807182,-130.87283,308.70386,66.31019,-184.35506,298.94977,66.37084,-182.03204,348.13696,80.47333,-86.9407,262.72632,81.146416,-56.462784,383.0728,116.909164,-140.03766,228.06833,117.94409,-116.67105,404.7906,83.2167,-256.20236,209.54723,80.78388,-263.94135,412.38013,70.390274,-279.8811,200.93816,68.83675,-293.37585,407.87332,65.39923,-285.23166,205.85391,62.40151,-297.3682,402.8736,69.68881,-260.49457,210.95575,65.962524,-270.72552,326.06787,182.68317,-0.09286426,283.13504,178.78603,0.050169624,338.55057,275.89252,-18.058512,276.51382,216.7171,-202.14175,331.56445,281.3189,226.96466,279.3708,296.58588,-124.01926,324.93222,278.3082,250.73447,282.2448,304.85806,-117.040596,335.7195,311.29834,222.68411,280.0676,327.80637,-188.63783
image164.png,815.9848,249.6489,-316.11557,808.1021,228.2371,-297.44794,805.51245,227.18045,-297.776,802.714,226.18097,-297.83963,806.8269,228.55994,-366.82324,803.62933,227.9379,-367.2157,800.0254,227.21341,-367.36807,768.925,229.29137,-168.38153,767.78406,230.21371,-482.34668,801.9686,269.23648,-257.47064,801.06165,270.39334,-350.46414,678.3481,346.8043,70.96969,689.8609,369.33786,-614.737,649.2916,526.83124,160.3634,704.19507,570.976,-651.52295,685.14404,669.12256,97.64607,759.6379,749.91235,-558.5962,685.2595,683.2493,104.60339,771.1335,795.5736,-636.24554,693.99524,683.731,35.1937,787.266,791.8315,-626.69354,693.59686,682.8768,69.70219,783.8822,775.68427,-555.92456,650.8175,637.17285,217.72119,612.9829,648.5354,-217.93872,916.8664,623.35645,312.5622,494.1488,883.15784,-500.71747,822.0995,873.1852,541.9037,201.58522,853.0925,-280.646,787.62726,915.68414,556.9917,162.1066,820.4281,-252.13992,922.76434,931.6193,520.1989,186.74547,933.60016,-310.5533
image166.png,472.52762,122.17232,-178.89145,481.7502,109.23352,-178.13675,485.68933,109.23606,-178.27412,489.66763,109.38695,-178.3175,476.3449,109.52655,-148.63005,475.7535,109.42412,-148.83897,474.60443,109.25515,-148.97404,506.5602,113.99985,-138.73296,489.95294,113.567566,-6.2767797,482.9083,134.9953,-160.52617,476.46533,136.0613,-124.05958,569.8873,182.05598,-160.0223,488.90985,188.31386,107.49223,626.5179,277.3859,-332.16513,497.98306,271.8974,56.89742,601.4069,191.00652,-503.11832,489.50555,282.84644,-130.91943,599.58435,169.77573,-549.4511,487.38876,280.28357,-163.18488,600.24646,161.64902,-541.5536,485.18817,268.16913,-170.60957,594.4175,171.60919,-501.4322,488.41223,269.87024,-141.9232,572.11536,355.8659,-101.41452,528.454,358.44495,101.13926,469.7902,356.10596,-278.7545,555.37836,498.21863,62.731106,476.46756,524.3112,-204.61407,672.4229,457.7183,263.68896,494.60608,549.7794,-199.05878,695.23114,441.9318,287.62378,415.3378,564.5916,-287.196,680.6622,510.08957,263.03125
image167.png,240.80206,139.85342,-137.7197,246.57178,131.29807,-159.63634,247.92084,131.45245,-159.87357,249.22383,131.59885,-159.92511,246.55725,131.15114,-128.0388,247.97069,131.23155,-128.20686,249.50891,131.26118,-128.28491,262.42303,134.97572,-214.9788,262.94846,134.78586,-68.82954,245.3087,150.00595,-152.86026,245.19696,150.08961,-111.89246,283.52432,195.31558,-288.81567,280.688,195.51627,44.425617,292.52765,273.31155,-341.1227,287.1364,272.24564,79.64209,280.5438,344.72876,-311.26822,277.22717,337.33408,50.803585,282.01346,363.01617,-337.7739,272.89954,351.4399,53.675034,272.52686,364.4574,-335.99017,273.10892,354.73276,34.306713,272.81598,359.5854,-308.65527,271.70737,349.26337,40.75067,305.57474,324.3432,-111.3439,289.70935,318.3057,111.16344,320.84076,428.9952,-176.52707,205.77646,307.6325,284.73935,420.60843,400.39474,-40.191387,229.32222,394.37195,423.50674,439.96317,390.09933,-26.12396,245.40138,411.59158,436.06467,425.7934,441.21194,-42.67666,190.64401,415.4028,450.87253
image168.png,668.9501,723.5601,-454.0231,699.1267,677.32794,-537.5821,708.06537,678.10846,-538.1912,716.7226,679.0834,-538.38104,695.1643,677.3582,-390.41336,699.498,678.1421,-391.32098,703.7881,678.57446,-391.85724,782.3373,707.9605,-776.9578,776.7295,709.6058,-116.74717,688.82184,780.56775,-515.05347,683.3914,784.09735,-332.1058,839.71265,1048.4077,-1097.6415,909.3698,1027.9493,368.59393,881.22156,1497.532,-1270.3475,927.141,1483.6492,465.4308,825.1425,1918.3081,-995.6191,864.4792,1859.8668,268.7706,831.8855,2024.0277,-1087.08,851.51324,1934.0925,237.61987,784.02124,2022.9927,-1071.8672,821.5196,1951.382,137.82487,781.3049,1995.6334,-972.7275,823.7662,1933.043,208.89479,890.0489,1735.8625,-461.974,951.8506,1730.8025,460.89264,277.53604,1770.7219,-214.15167,1174.0455,2228.6758,653.3154,550.2106,2282.375,396.8084,1717.2052,2148.649,893.97046,651.01074,2362.8323,452.4198,1842.9266,2122.7695,933.1493,278.6004,2393.884,396.07596,1708.6282,2335.5847,900.1863
image170.png,639.7499,144.7299,-257.62277,652.6994,128.84259,-251.72253,658.3733,128.24956,-252.14415,665.8161,127.94364,-252.08559,641.0589,129.71317,-215.42175,639.64404,129.3194,-215.9105,638.3362,128.58368,-216.01299,690.5385,133.38629,-163.28407,652.75433,133.48259,-0.7948508,656.1865,161.07616,-218.23442,641.54443,160.92717,-174.93033,740.6195,224.26163,-177.14877,654.81604,221.67998,234.48744,850.1593,303.90662,-145.06364,700.72797,326.2502,343.79474,776.0651,390.70978,-92.07161,659.5916,391.76306,234.89096,741.10077,404.90958,-109.5657,653.87616,408.3999,223.54451,741.21063,382.74524,-103.77562,647.40265,404.93115,186.2662,749.8569,377.55817,-82.56033,648.69293,395.44562,213.18198,753.2599,470.26086,-119.29505,673.63,464.14938,119.16099,819.2978,659.9803,-240.97597,514.4184,486.47983,-204.70824,965.6526,630.43994,120.60928,559.58234,683.22644,-191.6906,997.4105,617.3471,157.16429,579.87085,714.11206,-193.83887,954.9289,699.3564,110.32024,486.1651,731.21765,-303.33997
image20.png,327.9287,-65.695366,128.92772,335.20825,-70.70368,108.69797,335.59103,-70.92847,108.51499,336.03827,-70.8259,108.473976,337.0147,-69.352516,138.39317,339.34244,-68.48997,138.03029,341.5352,-67.802795,137.90129,344.9771,-64.03173,44.302692,353.8811,-61.095463,182.81947,329.22305,-58.34061,108.84219,332.1691,-56.86587,146.92552,350.9123,-14.9917965,-64.02368,344.17896,0.7101536,241.38081,329.19775,47.554718,-245.58348,361.3444,66.51373,302.1885,336.22488,39.83537,-353.14258,347.81705,42.992973,337.41794,340.59586,32.611893,-383.8923,347.34918,35.683357,351.18692,348.6504,31.348396,-374.4482,338.21222,31.281126,337.99744,347.69412,34.582485,-351.39908,337.89023,30.90397,330.03036,345.92883,151.22728,-88.45346,319.9819,139.90068,88.18273,428.54993,308.33664,-163.67279,216.42361,145.37563,-42.199608,548.5907,288.4377,-160.55692,163.08105,293.3455,-84.5304,572.4376,285.31927,-162.11858,179.47064,323.2262,-91.1058,548.96155,287.15866,-226.02156,136.23235,333.95056,-144.30844
image22.png,489.35754,259.69592,-129.02509,495.76608,250.99754,-127.51062,498.69714,250.40659,-127.72702,502.74643,249.76097,-127.74003,490.08368,251.78642,-103.300575,489.4453,251.86299,-103.54934,488.85062,251.84787,-103.58523,516.8912,252.655,-84.12967,497.0466,253.82608,25.543259,498.22287,268.71838,-110.01946,492.02002,268.7922,-79.88311,553.52924,302.71667,-86.52063,486.06622,315.35358,148.05452,616.35266,353.5105,-100.19876,512.59094,379.0016,150.2159,569.36676,409.70374,-120.977585,498.80362,414.13623,9.798753,553.267,413.8761,-144.1498,498.70773,426.56305,-10.046369,549.6875,405.99286,-141.08228,496.1957,425.67032,-31.26498,554.00885,404.53714,-117.02547,497.71484,418.23563,-4.332203,549.0902,449.09677,-67.22174,504.06897,446.95026,67.11973,592.0794,560.44006,-124.223465,417.84305,443.6194,-253.63525,659.56866,532.356,169.90178,422.43643,562.65015,-261.80957,668.8242,519.06244,199.30676,434.94748,581.7326,-265.8856,661.90106,572.5033,143.11893,381.16278,591.79614,-371.58875
image24.png,1387.6052,730.98,-79.67203,1372.475,707.2074,-56.755306,1367.4641,705.9332,-57.26563,1361.8629,704.6208,-57.196507,1371.8325,707.7396,-128.509,1366.6891,707.0419,-129.05867,1360.6017,706.20825,-129.29175,1328.9359,710.35046,66.96228,1327.4976,711.5253,-258.42697,1370.2188,753.13354,-22.474499,1369.0085,753.0976,-120.152504,1279.5079,825.6593,257.23087,1273.024,831.3701,-406.8761,1229.6218,974.051,337.01025,1211.0626,970.6906,-445.01804,1248.9364,1086.581,204.14566,1249.5065,1113.1115,-293.89923,1255.8011,1111.6726,202.39064,1260.837,1136.6266,-333.14127,1254.8119,1103.9847,156.98871,1264.9683,1123.1783,-325.76407,1253.4568,1093.4341,182.1544,1260.5247,1113.9768,-287.79675,1260.4187,1164.8085,217.77493,1229.9451,1179.1886,-217.97095,1489.6488,1167.6312,495.25555,1224.397,1451.9084,-346.1629,1426.1229,1404.1616,625.4914,974.7558,1378.0293,-87.231575,1384.2059,1450.7612,626.75995,925.44836,1346.4967,-52.705345,1539.191,1460.3036,612.1792,954.2529,1488.8319,-46.812492
image28.png,375.62143,237.71664,-131.51129,363.68777,223.74947,-117.51365,360.64304,223.9241,-117.83604,357.28003,224.13554,-117.74294,363.77167,223.51285,-158.69397,360.9531,223.60217,-159.04626,357.51605,223.79466,-159.26819,336.56955,227.7852,-40.3314,335.6385,228.48878,-228.87027,366.37564,254.71075,-96.86398,365.41797,253.99236,-153.72263,317.69122,309.58368,70.97582,317.6409,313.81082,-308.9648,316.5442,419.31583,94.93052,325.58722,429.8735,-349.1241,347.89807,498.26413,23.667442,361.30994,524.7788,-307.44193,353.82196,521.1122,22.78537,366.06955,553.4413,-345.9863,354.91745,520.5164,-12.937898,375.72375,553.29645,-336.20657,354.35062,514.5453,7.380431,373.83295,543.08093,-303.54144,330.85202,510.4815,117.28431,307.58807,519.9354,-117.3908,469.00418,526.7654,241.46834,234.0158,663.2736,-193.95079,465.7765,672.77405,285.64914,69.29689,656.5289,-93.163086,442.3447,703.0739,283.06458,38.60875,646.7718,-81.18327,526.90497,707.43536,221.32138,80.33327,717.99915,-143.18875
image3.png,355.22064,189.6772,-383.88617,363.03973,176.27992,-360.33804,369.10608,176.01418,-360.65283,373.81787,176.03181,-360.66913,348.52396,176.41663,-358.9204,343.03607,176.23703,-359.28152,339.81522,176.0557,-359.56882,378.94977,179.47302,-225.30562,335.3082,179.48978,-220.75409,364.98026,203.74353,-331.75214,348.78595,202.80847,-332.35132,425.25095,271.35388,-147.69373,291.05853,262.89694,-142.55106,427.52667,379.07565,-124.07457,279.2963,363.59915,-166.6465,431.8932,472.7081,-211.4133,259.35345,454.82617,-310.23572,434.96097,499.21533,-236.76547,253.36395,479.10028,-355.87155,428.99146,500.38586,-270.44592,251.9892,480.5946,-385.58005,423.3075,491.31708,-224.6044,257.05322,474.05524,-326.47696,381.57678,437.54605,16.733011,308.40323,426.45218,-16.859863,391.611,579.258,-14.603606,292.60318,511.35086,-458.9562,383.92554,510.22946,535.106,311.92944,626.9508,-214.22372,388.638,496.94424,590.7563,320.4982,638.5625,-189.25775,375.14737,554.61066,559.92975,303.968,680.8267,-309.56305
image30.png,813.4812,103.61544,-110.36071,799.952,85.74333,-95.6538,797.4271,85.502815,-96.02562,795.22687,85.12629,-96.00213,796.1488,85.56156,-144.78773,791.0756,85.3615,-145.25418,787.1631,85.22623,-145.50543,769.61646,91.49005,-1.2632619,763.0356,92.27895,-223.27248,800.2417,124.52932,-66.09925,796.99713,123.90594,-133.58582,750.5799,193.57088,120.96828,703.3488,194.13377,-301.11713,690.7484,311.36932,130.32101,620.8531,313.21835,-368.0011,745.4361,408.3972,-28.676773,698.9912,430.60156,-369.50644,760.864,430.13766,-52.970665,717.4162,464.30975,-411.96796,765.61475,428.46045,-87.06659,731.0203,452.65192,-407.58658,761.1653,419.49136,-48.2585,727.1812,442.9328,-367.32437,760.6861,468.57245,123.50105,697.3278,484.42474,-123.75358,965.6996,462.82504,113.898895,571.56824,663.0208,-258.36227,936.6462,681.63477,143.66739,348.31805,637.40106,-175.62317,905.84827,720.84845,137.3923,310.7773,624.25354,-164.76704,1009.79285,734.9765,55.970825,355.2464,717.10895,-261.32684
image31.png,518.1262,86.12564,-74.64162,520.4979,73.0828,-94.20814,523.6263,71.22306,-94.43865,526.6229,69.148544,-94.475845,517.1154,74.90204,-63.136032,517.37054,74.586136,-63.515232,517.61786,73.91668,-63.721916,546.0197,64.302704,-128.37659,532.4008,71.303535,11.72709,530.10864,93.878265,-80.90323,525.30646,96.76642,-42.24343,610.1999,114.97437,-172.95575,546.7185,147.9275,120.95697,618.89496,210.182,-175.23053,562.85333,244.44733,139.08191,525.72577,208.56808,-87.510376,567.80707,320.822,41.548176,498.51678,209.00275,-95.72407,566.447,339.65546,33.186363,495.62964,197.33223,-83.057526,567.1866,341.02808,15.136039,503.50403,198.0656,-76.20985,569.3436,334.43625,30.75078,631.55334,304.50955,-91.7251,583.6293,302.7029,91.63965,618.99335,460.33484,-170.012,478.26923,320.34485,-63.84799,722.53,377.1495,50.4909,526.411,460.6209,-85.75638,736.6884,358.99323,74.84146,546.72766,482.6113,-89.50126,745.50665,434.10342,86.56204,471.5295,502.31778,-124.95472
image32.png,889.3699,296.92343,-282.68353,884.7558,272.55975,-226.67264,885.94354,271.59534,-227.29189,887.78235,270.73212,-227.51334,876.2683,272.61417,-297.94382,870.04266,271.90268,-298.52408,862.6657,271.47958,-298.96814,851.8555,279.17578,15.50029,820.5957,277.89453,-307.65002,878.9614,319.28043,-187.7122,868.0105,319.93918,-283.96658,841.86127,406.33957,322.45905,722.3511,407.1634,-380.71985,865.03485,456.0454,872.5551,585.6684,535.37476,-827.27606,879.0232,405.94214,1287.1931,633.4321,378.4368,-1179.7255,877.69867,372.22604,1378.7225,642.2349,348.85803,-1266.7399,875.7543,370.77628,1337.0286,648.2385,344.7378,-1242.4183,875.6516,378.1347,1283.2084,655.2609,358.27524,-1179.0746,737.29565,736.23267,232.87917,713.04456,725.81165,-233.43289,612.6124,1001.3888,258.47202,973.8696,756.60315,-312.55084,343.76913,952.3568,324.16666,978.2997,1006.43,-209.57773,307.6651,933.8798,329.45624,942.2751,1051.9999,-196.43301,338.7349,1049.7256,231.01932,1084.9077,1072.0691,-286.7836
image33.png,634.1536,220.73203,-163.18846,631.26544,212.9349,-134.50383,632.0846,212.72887,-134.70714,633.04486,212.55,-134.61894,625.43744,213.4078,-162.44385,622.5692,213.71222,-162.74545,619.16376,214.27115,-162.89363,626.04297,217.80396,1.339147,607.16376,219.8877,-125.096695,633.74994,230.37985,-109.70527,627.8589,231.00888,-147.85555,640.28064,265.64255,112.28924,579.11566,273.25494,-142.40826,637.75525,325.71594,155.13226,535.30304,326.99725,-199.36221,653.7848,363.56815,56.638016,569.703,377.66907,-228.42021,655.35016,377.12885,44.457684,582.90405,388.3581,-256.0089,656.0871,376.83704,20.709623,587.9929,379.3541,-253.23747,654.0459,371.55322,44.239662,585.61816,376.4519,-226.58745,640.907,397.846,70.709885,602.99945,408.41183,-70.93292,703.17114,404.2781,-130.26424,580.4998,500.4334,-90.38098,684.87244,495.18887,-41.324574,516.58954,457.2698,225.48166,673.55237,512.7182,-34.50913,504.47757,447.4333,259.63043,716.5808,522.3142,-94.61652,511.60156,483.59244,248.8577
image35.png,450.1143,-61.18464,82.55462,461.39435,-86.35547,78.28962,467.22675,-88.38775,77.99427,473.40588,-89.86555,77.81509,449.44247,-82.0681,121.40657,447.50165,-80.582985,120.93564,445.21335,-79.2571,120.55802,496.40182,-87.47187,103.54629,457.79578,-73.87016,292.59137,468.14206,-43.76357,100.860275,442.60242,-28.112844,152.11162,615.3458,48.855827,-45.29429,422.70544,82.17482,461.74283,625.8191,265.50684,-274.48947,396.49612,259.72714,186.34787,493.75458,97.77622,-414.36688,357.76364,132.42247,-363.14648,467.29572,57.2701,-475.32285,356.63312,91.21903,-456.72107,483.1537,38.04424,-446.84674,349.4123,68.144424,-446.19806,486.78134,55.175964,-400.50366,363.4676,83.65597,-381.0011,603.2046,393.63412,-211.98692,520.75745,407.18637,211.15536,312.25394,377.42267,-483.43625,591.8086,741.25586,106.341064,359.537,736.9716,-418.51852,820.146,661.31506,463.30093,402.7804,797.4315,-415.09946,864.8882,632.5227,509.92975,215.1062,810.5113,-552.96484,851.74976,752.47034,469.6137
image38.png,1382.9358,233.15977,-260.26175,1361.9318,197.21826,-230.3513,1358.633,195.77748,-231.05125,1355.907,194.00677,-231.07204,1355.6855,196.98428,-332.8245,1346.9507,195.335,-333.54105,1337.5225,193.24565,-333.75882,1306.2798,200.73206,-28.932735,1280.1002,201.20609,-490.25388,1361.0326,273.26935,-165.78606,1355.7319,274.38095,-304.929,1193.863,408.0493,282.29306,1220.247,407.52026,-681.0997,1294.8037,698.63525,222.85063,1322.0732,691.64087,-742.6096,1462.4131,829.1874,-178.14374,1485.0011,836.6356,-574.2537,1505.0747,842.72833,-214.54431,1527.7883,857.91455,-654.9999,1515.1704,840.5098,-290.92886,1526.6681,840.5905,-642.07465,1507.1226,837.0639,-220.94812,1515.0057,836.1731,-570.32227,1226.3469,957.24945,293.2415,1143.5444,994.3572,-293.53247,1600.6511,876.4801,508.03354,892.11255,1383.4379,-607.3343,1448.1793,1301.2175,550.76666,416.2696,1244.9917,-448.29654,1374.2971,1372.8351,535.26117,339.53726,1193.194,-421.70807,1621.6354,1388.9022,396.28738,395.1904,1409.5538,-549.3004
image39.png,601.74585,205.86201,82.86565,596.0351,190.86542,103.04063,594.64343,190.47086,102.900085,593.43677,190.108,102.90247,594.6636,191.05823,55.27589,592.03516,190.93376,54.929684,589.1256,190.98189,54.83186,574.33997,193.93443,173.24713,569.81793,195.15916,-44.366776,595.97784,217.55705,113.63366,593.61206,218.16928,48.91658,560.3933,281.23047,282.50797,531.4885,277.1821,-157.86765,625.2365,342.1509,390.24408,489.64377,388.56586,-220.57065,619.2543,258.4086,446.73795,498.7084,488.25397,-129.89261,610.32074,235.81537,472.64642,492.54276,509.1717,-146.0396,601.4062,235.36328,464.92657,504.66675,511.26016,-133.9548,599.99384,245.07852,444.46747,506.50653,505.56216,-122.02751,511.43588,462.99915,152.11281,512.5876,461.39252,-152.36244,455.1737,601.597,205.67146,674.0967,445.25687,-164.30713,304.61844,580.5895,214.7968,648.7235,598.29803,-40.94836,274.71768,568.9385,216.34943,632.9065,627.0328,-25.831644,286.6107,626.8321,201.73944,710.41315,618.2899,-29.218538
image4.png,240.12267,74.69451,-176.0318,240.39456,68.197914,-153.02238,242.22119,68.393585,-153.1693,243.9037,68.556206,-153.11552,233.31003,67.633255,-173.81606,230.075,67.551445,-174.06137,226.90083,67.499115,-174.20795,239.29863,72.78115,-40.528946,219.91904,72.198326,-133.79373,242.62254,84.61681,-132.1905,234.6932,84.35145,-160.43448,243.48276,120.89745,80.10138,199.47282,119.69056,-150.91173,233.26097,173.60764,112.02849,153.40053,170.43922,-168.90656,235.26761,213.79878,14.554985,186.73817,219.01593,-166.10237,233.54597,222.12827,2.3504639,198.4043,226.32562,-188.38704,235.70404,217.60341,-17.444984,202.52826,220.02045,-184.49364,235.10555,217.40474,4.192362,198.38849,217.20442,-163.10464,231.77196,239.05737,77.11445,202.11569,243.50401,-77.23962,308.90915,259.23282,-59.548653,187.2243,334.86044,-128.09224,280.36548,345.57858,25.179674,107.69559,301.3039,55.872723,266.4405,359.4961,30.444057,98.85626,289.0355,76.07237,317.305,370.89087,-26.740677,100.0001,334.90244,46.795795
image40.jpg,191.67021,65.58702,-121.01679,189.93745,58.32864,-103.59225,191.22406,58.48362,-103.78014,192.69804,58.595463,-103.7377,184.14528,57.44093,-119.99484,180.64668,57.284073,-120.30654,177.18027,57.385555,-120.42499,186.51482,62.397614,-9.114136,166.11586,61.710632,-83.52588,192.15149,76.566826,-82.37476,182.44287,78.09575,-105.29937,204.74942,122.44867,82.38488,134.02608,116.925644,-79.09931,226.02742,178.5333,127.15653,79.26278,177.69748,-117.12956,216.94995,221.79424,50.918682,135.47978,222.20616,-176.5135,211.6839,233.72574,39.144516,150.50214,225.93063,-202.58118,206.59805,227.94856,24.315355,152.29117,217.69987,-199.56667,207.08456,224.8665,43.770065,148.39354,215.9813,-175.15541,187.07214,258.21802,62.058544,152.13277,257.61322,-62.133236,202.26765,374.97195,46.352993,239.62831,283.22223,-245.57211,126.57115,356.91504,264.31335,233.94148,408.04196,-171.82265,113.3141,349.31766,285.84985,222.24638,426.56906,-163.40604,121.48988,396.6046,268.989,279.53397,435.15134,-234.12148
image41.png,1081.8673,409.35977,3.6862407,1072.16,386.03046,28.126396,1069.7584,385.12527,27.784904,1066.8969,384.1779,27.833126,1069.7788,386.78894,-38.078667,1064.5549,386.61386,-38.452595,1058.7247,386.59805,-38.455524,1031.2924,394.8356,135.75468,1026.8435,395.75583,-157.12419,1073.1144,432.03522,50.711994,1068.8015,431.81967,-36.613174,999.0436,526.7851,314.52087,983.7382,535.0437,-320.3537,1075.3375,673.9076,94.92361,1071.5068,690.5123,-231.22968,1109.6726,549.4383,-354.77182,1104.0538,544.1472,147.57481,1116.7515,516.0804,-393.3759,1114.8131,508.99072,149.81949,1100.8279,502.72266,-377.21503,1090.7704,502.81827,146.3197,1091.3724,519.66693,-359.7313,1085.1744,517.0168,153.84554,993.7916,809.053,209.16951,967.3167,827.0139,-209.47469,1232.2651,820.0775,274.4196,870.5616,1066.7352,-406.8362,1206.3586,1072.8733,386.275,611.55084,1050.8693,-347.5889,1173.2443,1119.8304,385.65796,551.69617,1036.111,-334.75455,1317.0461,1126.6338,334.96008,605.69806,1135.4673,-404.43466
image42.png,327.9287,-65.695366,128.92772,335.20825,-70.70368,108.69797,335.59103,-70.92847,108.51499,336.03827,-70.8259,108.473976,337.0147,-69.352516,138.39317,339.34244,-68.48997,138.03029,341.5352,-67.802795,137.90129,344.9771,-64.03173,44.302692,353.8811,-61.095463,182.81947,329.22305,-58.34061,108.84219,332.1691,-56.86587,146.92552,350.9123,-14.9917965,-64.02368,344.17896,0.7101536,241.38081,329.19775,47.554718,-245.58348,361.3444,66.51373,302.1885,336.22488,39.83537,-353.14258,347.81705,42.992973,337.41794,340.59586,32.611893,-383.8923,347.34918,35.683357,351.18692,348.6504,31.348396,-374.4482,338.21222,31.281126,337.99744,347.69412,34.582485,-351.39908,337.89023,30.90397,330.03036,345.92883,151.22728,-88.45346,319.9819,139.90068,88.18273,428.54993,308.33664,-163.67279,216.42361,145.37563,-42.199608,548.5907,288.4377,-160.55692,163.08105,293.3455,-84.5304,572.4376,285.31927,-162.11858,179.47064,323.2262,-91.1058,548.96155,287.15866,-226.02156,136.23235,333.95056,-144.30844
image46.png,668.5585,283.24396,-90.24239,666.70233,255.77612,-28.833532,671.17993,255.8331,-29.246784,674.8264,255.59491,-29.291533,647.709,253.41632,-70.81949,637.0295,251.82672,-71.33805,624.5716,250.45699,-71.69519,643.56714,265.56174,212.76692,585.8878,263.6743,31.618877,668.3984,308.72006,1.4225509,646.75104,308.78275,-55.532043,726.4726,458.27133,325.4209,470.4302,459.5789,-0.37515593,851.2224,650.0238,92.96771,439.88678,693.15375,-262.10388,767.21594,519.33026,-439.2058,589.5694,529.48584,-461.97144,743.947,484.57022,-521.7468,636.33765,495.06686,-529.8247,729.6636,460.39035,-501.6696,623.507,457.90433,-485.45367,728.42004,479.89252,-441.60852,615.3246,477.5356,-447.40488,691.6531,810.15186,75.82178,546.53766,836.6936,-76.433655,830.705,879.9411,-776.78406,431.99066,1142.7563,-168.7505,766.9872,1196.6943,-465.49945,360.2126,1022.8924,789.68005,730.4925,1241.9814,-437.74146,340.38077,989.20306,893.2553,826.59485,1296.3867,-684.12506,348.9225,1118.3444,819.1825
image5.png,1081.8673,409.35977,3.6862407,1072.16,386.03046,28.126396,1069.7584,385.12527,27.784904,1066.8969,384.1779,27.833126,1069.7788,386.78894,-38.078667,1064.5549,386.61386,-38.452595,1058.7247,386.59805,-38.455524,1031.2924,394.8356,135.75468,1026.8435,395.75583,-157.12419,1073.1144,432.03522,50.711994,1068.8015,431.81967,-36.613174,999.0436,526.7851,314.52087,983.7382,535.0437,-320.3537,1075.3375,673.9076,94.92361,1071.5068,690.5123,-231.22968,1109.6726,549.4383,-354.77182,1104.0538,544.1472,147.57481,1116.7515,516.0804,-393.3759,1114.8131,508.99072,149.81949,1100.8279,502.72266,-377.21503,1090.7704,502.81827,146.3197,1091.3724,519.66693,-359.7313,1085.1744,517.0168,153.84554,993.7916,809.053,209.16951,967.3167,827.0139,-209.47469,1232.2651,820.0775,274.4196,870.5616,1066.7352,-406.8362,1206.3586,1072.8733,386.275,611.55084,1050.8693,-347.5889,1173.2443,1119.8304,385.65796,551.69617,1036.111,-334.75455,1317.0461,1126.6338,334.96008,605.69806,1135.4673,-404.43466
image50.png,899.94574,190.89569,-58.79122,916.9966,159.26305,-121.58577,921.17175,158.79459,-122.303345,925.95337,158.33478,-122.41147,915.97437,158.90887,-35.26683,918.4591,158.3234,-36.16158,921.66724,157.2704,-36.56248,968.3457,171.80502,-250.0693,961.2599,172.92659,136.96295,910.48865,217.81644,-91.89829,909.3817,219.97003,16.042324,990.7787,350.2689,-442.0878,972.47253,340.70435,411.8165,784.9789,497.814,-320.01334,816.7908,450.73297,120.992294,780.1287,320.43402,207.4321,784.1735,317.8189,-512.72974,774.51733,276.41736,219.50745,771.77124,278.69696,-584.6777,812.519,274.24084,216.87735,808.8992,278.14862,-581.321,817.0027,289.8182,223.50153,815.55536,293.1065,-537.1599,1036.3052,761.3675,-268.77408,971.7354,742.8663,268.41034,1108.1484,1128.8424,-379.82867,683.8491,745.9028,388.2867,1438.0267,1031.4563,-151.401,782.37213,1067.4358,398.0429,1490.4878,1001.02844,-127.20466,834.001,1119.1936,394.75156,1413.9388,1152.9491,-183.62773,650.6635,1134.1326,337.88724
image53.png,527.77295,156.21138,-228.83801,534.56323,139.08899,-246.06535,538.46094,138.21106,-246.47014,543.338,137.1556,-246.45172,529.65375,139.66875,-206.82971,529.4457,139.3566,-207.26366,529.1752,138.7844,-207.48177,570.26794,139.10849,-264.64606,548.58185,140.82614,-86.49371,539.7939,169.37712,-229.52353,533.1712,170.98445,-180.69513,627.39044,228.32535,-332.54208,568.8977,237.04932,93.30614,634.4855,366.99576,-357.69617,569.1924,353.2221,129.96681,622.17505,487.59018,-340.34668,550.37067,436.92358,23.61531,628.35895,519.66925,-377.42892,541.37836,458.41507,13.229695,613.89905,518.76935,-381.48483,538.43396,461.80075,-24.058187,610.60156,507.89407,-338.32837,544.2672,452.89746,2.8065157,665.08356,437.1286,-120.23967,618.3159,433.8495,120.08737,725.1673,605.06885,-247.20872,455.57495,439.64822,-3.0726538,871.1255,571.67456,-31.918379,477.5372,617.0548,61.520153,896.75256,554.8391,-12.398657,503.54556,641.73645,65.47795,864.3059,627.0744,-64.61599,411.37732,669.9231,23.118431
image57.png,640.88947,86.25967,-218.81192,643.54193,74.93536,-204.02354,646.1731,74.598206,-204.28397,649.17126,74.37873,-204.33186,634.7619,74.64171,-210.87778,630.6238,74.11955,-211.16205,625.6281,73.46827,-211.39343,647.05383,76.14027,-105.720566,614.68933,74.73576,-137.0384,643.6521,94.62006,-178.37695,633.4518,95.00919,-188.8043,671.01807,122.16796,-29.187675,578.18176,129.54326,-104.01759,689.1358,198.5499,-96.53635,560.98724,213.69955,-179.25165,669.8052,187.73181,-270.21094,624.00946,190.78821,-307.25754,662.83795,184.78609,-303.39813,643.2459,188.1566,-343.86963,663.09924,175.4723,-303.10104,641.968,175.20251,-337.22424,662.70636,176.95554,-273.17352,636.7964,176.32404,-306.6538,636.04205,256.62305,42.388718,591.8087,254.47902,-42.46077,590.37476,354.08084,59.50105,678.85077,310.39285,-228.47513,518.78,325.62894,314.69623,676.50366,404.08835,-103.69158,502.14386,317.52765,339.8271,668.72833,415.19046,-89.82382,516.19885,371.8981,305.81995,688.6536,439.38382,-169.70007
image58.png,1387.6052,730.98,-79.67203,1372.475,707.2074,-56.755306,1367.4641,705.9332,-57.26563,1361.8629,704.6208,-57.196507,1371.8325,707.7396,-128.509,1366.6891,707.0419,-129.05867,1360.6017,706.20825,-129.29175,1328.9359,710.35046,66.96228,1327.4976,711.5253,-258.42697,1370.2188,753.13354,-22.474499,1369.0085,753.0976,-120.152504,1279.5079,825.6593,257.23087,1273.024,831.3701,-406.8761,1229.6218,974.051,337.01025,1211.0626,970.6906,-445.01804,1248.9364,1086.581,204.14566,1249.5065,1113.1115,-293.89923,1255.8011,1111.6726,202.39064,1260.837,1136.6266,-333.14127,1254.8119,1103.9847,156.98871,1264.9683,1123.1783,-325.76407,1253.4568,1093.4341,182.1544,1260.5247,1113.9768,-287.79675,1260.4187,1164.8085,217.77493,1229.9451,1179.1886,-217.97095,1489.6488,1167.6312,495.25555,1224.397,1451.9084,-346.1629,1426.1229,1404.1616,625.4914,974.7558,1378.0293,-87.231575,1384.2059,1450.7612,626.75995,925.44836,1346.4967,-52.705345,1539.191,1460.3036,612.1792,954.2529,1488.8319,-46.812492
image6.png,1382.9358,233.15977,-260.26175,1361.9318,197.21826,-230.3513,1358.633,195.77748,-231.05125,1355.907,194.00677,-231.07204,1355.6855,196.98428,-332.8245,1346.9507,195.335,-333.54105,1337.5225,193.24565,-333.75882,1306.2798,200.73206,-28.932735,1280.1002,201.20609,-490.25388,1361.0326,273.26935,-165.78606,1355.7319,274.38095,-304.929,1193.863,408.0493,282.29306,1220.247,407.52026,-681.0997,1294.8037,698.63525,222.85063,1322.0732,691.64087,-742.6096,1462.4131,829.1874,-178.14374,1485.0011,836.6356,-574.2537,1505.0747,842.72833,-214.54431,1527.7883,857.91455,-654.9999,1515.1704,840.5098,-290.92886,1526.6681,840.5905,-642.07465,1507.1226,837.0639,-220.94812,1515.0057,836.1731,-570.32227,1226.3469,957.24945,293.2415,1143.5444,994.3572,-293.53247,1600.6511,876.4801,508.03354,892.11255,1383.4379,-607.3343,1448.1793,1301.2175,550.76666,416.2696,1244.9917,-448.29654,1374.2971,1372.8351,535.26117,339.53726,1193.194,-421.70807,1621.6354,1388.9022,396.28738,395.1904,1409.5538,-549.3004
image60.png,889.3699,296.92343,-282.68353,884.7558,272.55975,-226.67264,885.94354,271.59534,-227.29189,887.78235,270.73212,-227.51334,876.2683,272.61417,-297.94382,870.04266,271.90268,-298.52408,862.6657,271.47958,-298.96814,851.8555,279.17578,15.50029,820.5957,277.89453,-307.65002,878.9614,319.28043,-187.7122,868.0105,319.93918,-283.96658,841.86127,406.33957,322.45905,722.3511,407.1634,-380.71985,865.03485,456.0454,872.5551,585.6684,535.37476,-827.27606,879.0232,405.94214,1287.1931,633.4321,378.4368,-1179.7255,877.69867,372.22604,1378.7225,642.2349,348.85803,-1266.7399,875.7543,370.77628,1337.0286,648.2385,344.7378,-1242.4183,875.6516,378.1347,1283.2084,655.2609,358.27524,-1179.0746,737.29565,736.23267,232.87917,713.04456,725.81165,-233.43289,612.6124,1001.3888,258.47202,973.8696,756.60315,-312.55084,343.76913,952.3568,324.16666,978.2997,1006.43,-209.57773,307.6651,933.8798,329.45624,942.2751,1051.9999,-196.43301,338.7349,1049.7256,231.01932,1084.9077,1072.0691,-286.7836
image62.png,1155.6609,513.99146,21.25072,1141.3628,493.9206,56.74059,1137.9695,493.87164,56.38226,1134.4928,493.89127,56.457176,1139.0344,494.61346,-31.368706,1133.966,494.98575,-31.935884,1128.2037,495.346,-32.12412,1099.5531,505.9821,205.8582,1093.3347,507.31763,-197.27493,1145.1968,538.3129,84.26191,1143.6254,537.9152,-35.058956,1071.3075,620.00696,402.25995,1065.8286,612.3437,-412.4476,1003.5285,730.1113,655.47644,976.75134,713.0201,-554.24896,1049.1921,826.65985,746.6915,1034.0621,842.19147,-442.15836,1056.1462,865.44385,794.54083,1036.593,869.5332,-485.3706,1060.7498,851.9358,736.1351,1045.7935,861.74695,-469.31042,1055.9155,842.8857,724.83673,1043.4344,852.7886,-433.3658,1092.0624,934.0133,256.75397,1036.885,946.41315,-257.13913,1297.5197,928.4978,307.2833,899.4553,1153.5413,-412.75336,1257.0103,1163.9987,386.07834,651.78436,1126.2238,-362.55243,1222.9579,1210.0549,385.8194,609.022,1121.059,-352.50665,1358.2518,1217.196,343.1628,668.31714,1207.1204,-431.3078
image64.png,489.35754,259.69592,-129.02509,495.76608,250.99754,-127.51062,498.69714,250.40659,-127.72702,502.74643,249.76097,-127.74003,490.08368,251.78642,-103.300575,489.4453,251.86299,-103.54934,488.85062,251.84787,-103.58523,516.8912,252.655,-84.12967,497.0466,253.82608,25.543259,498.22287,268.71838,-110.01946,492.02002,268.7922,-79.88311,553.52924,302.71667,-86.52063,486.06622,315.35358,148.05452,616.35266,353.5105,-100.19876,512.59094,379.0016,150.2159,569.36676,409.70374,-120.977585,498.80362,414.13623,9.798753,553.267,413.8761,-144.1498,498.70773,426.56305,-10.046369,549.6875,405.99286,-141.08228,496.1957,425.67032,-31.26498,554.00885,404.53714,-117.02547,497.71484,418.23563,-4.332203,549.0902,449.09677,-67.22174,504.06897,446.95026,67.11973,592.0794,560.44006,-124.223465,417.84305,443.6194,-253.63525,659.56866,532.356,169.90178,422.43643,562.65015,-261.80957,668.8242,519.06244,199.30676,434.94748,581.7326,-265.8856,661.90106,572.5033,143.11893,381.16278,591.79614,-371.58875
image66.png,280.716,104.51953,-361.1968,288.5369,91.79169,-365.70908,292.4397,91.460556,-365.94708,297.37964,91.670975,-366.00998,282.8302,93.151146,-341.38574,281.96793,93.43317,-341.60956,280.894,93.50146,-341.7791,319.24222,98.41749,-346.3268,290.82977,97.90124,-236.99794,289.59354,118.45473,-349.33826,281.8107,118.25157,-319.58127,378.63092,178.98297,-380.5536,284.4365,184.46147,-100.14843,391.5023,297.7069,-419.02206,296.10608,282.9526,-101.0491,382.04047,406.59644,-434.26462,294.78064,373.19302,-175.68312,383.35202,430.5111,-477.84177,285.84366,391.63715,-196.64798,368.1679,429.4184,-490.41266,289.58008,394.82086,-229.18822,368.44727,422.3668,-438.3687,296.3781,389.162,-193.33302,403.0292,312.19705,-90.45207,360.0085,319.4805,90.194046,277.565,356.4825,-161.3465,451.7644,428.34775,109.35835,318.37552,488.04138,-12.157325,567.6378,440.15106,266.89584,337.65536,507.70657,-2.0811543,595.60767,440.07626,283.67795,264.00607,532.6154,-87.134094,554.4528,480.67075,235.62677
image69.png,716.7771,110.69788,-99.09149,708.7714,95.126854,-78.94542,706.57465,95.14022,-79.37134,704.4701,95.16333,-79.27889,706.41223,94.550285,-132.14641,702.733,94.20729,-132.69247,698.6278,93.78441,-132.96404,680.0404,100.81158,28.737762,672.9933,99.63824,-208.1069,709.6983,129.5663,-49.160477,707.1735,129.0849,-120.55325,642.5905,202.8192,166.81117,621.8206,201.9947,-260.13687,566.15924,281.03305,159.89891,532.1394,283.31714,-263.08676,596.41815,361.9536,-41.955067,582.8439,381.6855,-169.95828,607.27136,379.0639,-70.97792,597.2591,401.47583,-194.94032,610.6862,376.87473,-104.553665,603.2096,387.55862,-193.18498,608.0606,369.32404,-62.800587,598.6898,380.90897,-164.91194,588.01575,444.4797,141.5582,591.4207,447.8671,-141.86984,478.2225,597.2763,243.11183,770.1399,489.12744,-107.89065,312.34564,617.0068,319.9859,733.2743,670.0198,15.347231,276.82556,614.476,323.91968,704.7949,698.9096,28.260094,310.95697,683.3094,274.18228,810.59326,705.65656,-30.375036
image7.png,601.74585,205.86201,82.86565,596.0351,190.86542,103.04063,594.64343,190.47086,102.900085,593.43677,190.108,102.90247,594.6636,191.05823,55.27589,592.03516,190.93376,54.929684,589.1256,190.98189,54.83186,574.33997,193.93443,173.24713,569.81793,195.15916,-44.366776,595.97784,217.55705,113.63366,593.61206,218.16928,48.91658,560.3933,281.23047,282.50797,531.4885,277.1821,-157.86765,625.2365,342.1509,390.24408,489.64377,388.56586,-220.57065,619.2543,258.4086,446.73795,498.7084,488.25397,-129.89261,610.32074,235.81537,472.64642,492.54276,509.1717,-146.0396,601.4062,235.36328,464.92657,504.66675,511.26016,-133.9548,599.99384,245.07852,444.46747,506.50653,505.56216,-122.02751,511.43588,462.99915,152.11281,512.5876,461.39252,-152.36244,455.1737,601.597,205.67146,674.0967,445.25687,-164.30713,304.61844,580.5895,214.7968,648.7235,598.29803,-40.94836,274.71768,568.9385,216.34943,632.9065,627.0328,-25.831644,286.6107,626.8321,201.73944,710.41315,618.2899,-29.218538
image73.png,356.91882,215.18643,-39.53983,350.86923,205.99391,-29.330679,349.8117,205.86423,-29.476517,348.6957,205.65227,-29.444798,350.17767,205.92947,-59.698833,348.5675,205.70345,-59.91313,346.37903,205.3076,-60.00514,336.7311,208.93718,26.412329,333.40253,208.94331,-110.76988,350.85648,223.9368,-14.216471,349.9049,223.87146,-55.332756,322.88757,256.73386,107.18136,306.82104,255.02638,-174.43837,294.8083,311.40097,115.67477,268.41586,312.31778,-203.55598,320.83597,359.89166,17.049232,305.05243,368.46634,-174.44278,330.37256,369.1441,7.8638926,314.44485,383.87744,-195.76012,331.61472,367.07703,-12.149576,320.25824,378.84537,-193.80786,329.73996,364.41513,5.5784335,317.65417,374.63303,-172.61754,332.1267,385.74,81.81983,304.23267,392.89154,-81.9796,428.5025,382.69583,84.04321,240.49344,479.27408,-154.7101,417.08536,486.51617,107.60567,138.6019,466.32407,-101.47146,402.074,503.8005,105.00446,118.88387,461.1278,-94.64445,457.2739,513.0836,66.52723,143.56789,503.05588,-143.34428
image74.png,760.9563,300.11548,-11.4413595,745.0827,284.82693,3.0623617,742.41754,284.69696,2.6624222,740.0072,284.78696,2.6909792,743.7065,284.89975,-48.904343,740.26324,284.99084,-49.28288,736.48145,285.22403,-49.350956,714.3873,294.9036,75.01138,708.7312,296.58295,-159.7233,754.87695,317.55545,23.317123,752.93427,319.23627,-46.63314,653.08606,388.11316,234.4972,701.08057,394.81635,-282.6851,683.5467,509.10367,344.23587,803.2774,511.47287,-184.29994,730.4821,505.80234,374.6582,820.9814,411.66327,140.02115,740.6755,501.5219,407.81927,835.5471,384.963,140.83258,744.08386,499.25235,389.04218,816.02563,379.57117,144.28394,739.6579,512.7619,367.88477,807.4455,388.9171,146.5635,630.93304,626.20886,173.58406,609.13617,639.7703,-173.6154,803.91174,637.7796,389.0754,566.94666,849.03595,-321.2048,747.108,818.5712,482.83066,346.31253,811.3469,-240.45117,716.42804,851.84094,486.6605,308.38263,791.27576,-223.89989,829.7945,855.1347,501.64096,344.56122,891.8541,-229.49002
image75.png,202.61726,60.032368,-81.54288,200.73264,55.2102,-67.54778,201.24574,54.979065,-67.605255,201.80455,54.786095,-67.594894,198.5434,55.76592,-81.36234,197.29514,56.020775,-81.48593,195.60295,56.370914,-81.545135,197.32953,58.048546,-6.3173146,187.99223,60.35074,-68.10425,203.17839,65.64583,-58.08576,200.0846,65.99094,-76.50625,207.61304,93.56116,47.057182,168.1846,92.37664,-79.91688,209.25412,129.67816,67.67376,162.98396,134.49971,-98.2952,214.4194,160.34698,31.675615,162.34766,172.79149,-106.21475,216.7523,164.13693,27.689425,159.79645,182.32944,-120.90514,217.73793,166.11273,12.462954,164.99767,182.29346,-126.37324,215.95303,162.44502,24.363731,166.68915,179.45299,-108.43846,197.67528,153.92377,32.04225,174.44167,159.05135,-32.13523,224.14655,152.29335,-111.51236,159.9369,211.07759,-65.77359,214.50073,210.93527,-103.69982,125.63136,193.79788,82.33831,207.66391,218.83357,-105.03368,119.258705,186.72043,97.77781,232.36858,223.75334,-149.84967,121.075966,210.30682,82.19895
image76.png,571.66125,122.75684,-68.13258,575.9734,109.86663,-98.59347,580.4753,109.03784,-98.97076,584.03973,108.426575,-99.003105,571.5615,109.8742,-53.045986,571.7935,109.055214,-53.464993,572.1446,107.79635,-53.670586,604.19525,109.58221,-163.21968,594.61444,108.94045,41.5617,584.0441,135.28456,-84.88199,577.5047,135.89793,-27.822231,637.7211,189.89616,-253.10867,602.12134,191.4382,192.57492,576.1613,287.0466,-211.9012,553.8506,286.58774,113.71654,512.4062,215.60732,2.5355947,504.49622,220.5024,-155.59718,491.7839,199.02257,4.156544,487.99277,203.032,-183.15533,503.55756,189.27325,8.34024,496.8131,197.20741,-188.99533,511.34705,195.41537,12.858967,504.62555,202.30486,-169.28099,649.364,395.1205,-133.42995,616.338,384.67996,133.35909,727.29315,542.0804,-206.25323,471.6466,390.09592,159.31496,874.7859,499.5759,-32.588566,500.31726,535.9036,212.82031,898.08264,488.01868,-14.922465,522.61066,558.8585,216.85219,854.70184,559.1838,-45.558933,440.63492,576.1275,191.16315
image77.png,369.9394,100.00355,-13.229207,360.11795,88.139626,5.3931737,358.14844,88.3285,5.1941676,356.16867,88.56448,5.1706753,358.9862,88.799225,-44.985985,356.24274,89.56388,-45.254265,353.45282,90.37699,-45.310143,336.3121,96.62721,86.97979,335.38803,97.68809,-138.06522,363.50073,117.047935,22.96893,362.84473,117.483215,-43.85101,315.73688,176.89589,206.21423,309.8782,176.07825,-254.69933,298.48697,268.28564,180.80594,285.46536,273.43307,-257.1123,343.7653,329.5782,-0.058639493,341.6446,344.81137,-102.35196,354.06906,340.25858,-13.087473,351.07446,360.33444,-119.19724,358.201,338.06125,-38.232655,356.26367,353.3348,-117.336685,356.38095,333.79288,-15.777917,351.47568,348.0976,-98.18227,340.9469,378.01428,144.29295,310.19614,386.20105,-144.42741,490.6767,372.61707,55.31931,262.5935,551.1165,-274.88547,497.07758,528.5591,160.90028,93.517494,519.6446,-119.23537,479.53476,556.0085,165.7344,65.856285,509.75174,-98.61517,567.03253,566.0258,148.76982,98.76898,576.83997,-110.1583
image79.png,1875.6658,207.43509,-103.92303,1847.9233,166.91048,-53.104973,1841.6411,165.81766,-53.853184,1834.3665,164.72614,-53.803436,1844.2999,166.64955,-196.46416,1835.8799,166.05963,-197.39499,1825.5197,165.0415,-197.7094,1774.9995,180.69531,193.24844,1770.6699,180.93677,-453.92535,1850.5614,249.54262,6.226881,1845.2776,250.55074,-186.57437,1690.7153,443.464,556.7859,1659.561,439.52664,-757.8556,1552.2765,704.19476,670.8358,1507.865,703.7116,-838.822,1622.264,919.664,370.21017,1596.1759,970.5837,-611.99963,1651.5354,983.2094,359.2118,1635.4984,1030.3127,-696.5113,1660.3448,969.56476,275.4798,1649.7335,999.3167,-698.1483,1653.4547,943.6298,326.7886,1635.9521,980.0843,-607.7618,1681.0852,1051.9685,417.43063,1613.3784,1077.1143,-417.76044,2116.8347,1086.887,807.27924,1501.7616,1603.9612,-835.8579,2030.9233,1550.1317,1114.6917,1008.9028,1530.7277,-506.0916,1971.37,1623.3494,1123.753,920.9894,1494.2358,-457.81165,2236.78,1630.2233,1126.1321,1010.4439,1711.8365,-499.10278
image81.png,782.87897,169.98634,-461.59998,787.9439,148.31894,-430.74313,791.8975,148.84192,-431.09457,795.549,149.25987,-431.2339,774.1665,143.46896,-452.91403,766.73016,140.46324,-453.40784,759.3203,137.90196,-453.82794,777.4695,148.50253,-238.1889,725.8827,135.98788,-335.78693,775.27325,193.24997,-380.39685,762.12494,189.15106,-411.70093,815.14014,268.98486,-145.14148,597.9677,255.7657,-235.99141,791.0221,426.63007,-202.72229,617.8331,430.47952,-320.80017,862.3915,476.8301,-453.94104,786.2869,464.22504,-493.7963,879.2711,489.08096,-520.5639,824.01666,482.80402,-565.76105,885.9587,470.44135,-558.5056,840.62823,461.75308,-561.61334,874.9246,465.5479,-476.17535,830.55707,452.85486,-495.57538,770.91974,530.97906,-43.91837,666.4329,535.9934,43.604706,619.9995,584.6146,-541.412,703.703,778.191,-59.959248,620.30396,838.19696,-319.09854,843.5692,709.35516,546.4067,647.1219,875.91223,-300.54202,863.23157,683.57855,613.42725,543.8689,922.31665,-485.31644,855.71136,757.3986,548.90753
image84.png,536.9195,327.89978,162.0,535.42456,333.1771,161.2769,535.5178,333.66556,161.10686,535.6038,333.8886,161.0487,534.8799,332.37503,172.59908,534.3368,332.04465,172.4778,533.815,331.90625,172.43413,533.26843,334.1709,143.03622,531.2576,331.8186,194.06795,536.9036,324.93277,156.10246,535.9244,323.73926,169.44312,530.0162,320.16382,59.904514,527.34753,310.60797,170.31625,528.54285,293.28394,-49.090015,514.9058,279.58133,41.955334,525.8997,298.66867,-111.49075,520.6439,295.32034,-89.76061,524.07025,303.14572,-124.04897,523.6462,302.56055,-110.03324,521.80035,309.33667,-118.788536,520.9911,306.50372,-106.80234,522.0823,308.01822,-109.28076,518.6656,305.72894,-94.31467,546.85034,254.56087,-45.550655,543.3481,252.78981,45.0694,564.9491,272.95,-123.74314,569.7677,287.62042,-6.034502,500.12357,278.17862,-233.73808,510.7206,300.2899,-206.25189,489.35773,268.2587,-245.6956,503.6511,293.62924,-228.65897,485.0974,308.62845,-279.18665,497.5887,330.32956,-273.99084
image85.png,846.76196,301.21906,-534.5162,856.4026,272.5117,-472.27554,862.05096,271.7558,-472.76987,868.1688,271.38605,-472.82812,833.3376,269.16693,-534.333,822.8066,265.44275,-535.1179,811.67206,260.99274,-535.51825,844.2593,270.2359,-140.5696,764.63617,251.31248,-417.27258,841.56635,330.11523,-401.2008,814.2095,326.04642,-485.5929,866.8209,445.98532,167.77518,610.81335,423.53687,-437.2618,891.79736,666.17535,325.4495,508.80222,680.0207,-476.7751,962.6924,854.98584,147.72752,574.443,940.77936,-486.14716,976.5221,901.25934,116.88251,565.9172,1014.2801,-560.37,985.4784,904.22754,28.228643,602.63605,1006.97577,-598.77985,977.37714,892.8077,106.31473,610.39087,987.02576,-500.65826,804.7775,858.29517,152.16722,660.40027,884.61755,-152.9027,1085.0012,934.14185,-584.1926,597.6398,1272.6666,-345.93896,1067.0076,1315.6252,-406.9971,410.29144,1141.426,640.70935,1019.66144,1368.5819,-400.08768,393.7009,1099.1886,746.53186,1190.4425,1446.0858,-644.59283,368.33316,1258.9529,696.24225
image87.png,269.0633,65.198906,-34.060574,281.25342,55.073135,-45.17415,285.54492,56.060707,-45.384712,290.01593,57.146145,-45.47485,275.44952,54.55951,-2.7511728,274.91974,54.78242,-3.017581,274.47662,54.814125,-3.1305985,311.5511,69.37748,-69.60023,290.43884,65.58598,119.89304,275.80164,81.76528,-38.874115,269.00552,80.956184,13.911511,353.9937,148.85695,-168.23488,276.98624,163.15411,265.04745,366.77197,259.39032,-158.74347,294.3056,265.3775,273.65015,369.9039,352.23502,-67.37102,299.9057,353.44586,107.33193,374.48486,376.71808,-88.120605,295.58237,369.9109,87.82701,373.63696,379.62106,-91.1764,293.1169,369.19666,57.06181,370.84503,370.00546,-63.149853,296.19955,362.58194,86.40447,344.34918,346.796,-145.0508,306.21414,346.27673,144.74417,191.39124,336.3953,-312.36636,348.48215,475.71945,156.85959,208.6573,529.6266,-181.5777,466.44418,430.7413,419.9221,222.44164,556.3523,-170.1614,486.5526,418.87866,450.98486,127.9446,568.87146,-246.8473,476.89838,488.64478,431.06583
image89.png,335.405,269.29153,-66.74005,332.85385,260.61023,-49.89494,332.84775,260.16418,-50.103935,333.14362,259.8132,-50.026993,330.6039,261.22168,-74.263275,328.44763,261.35248,-74.56653,324.95923,261.7156,-74.69815,323.27136,265.17056,39.949978,310.68,265.84366,-70.97217,333.81192,279.62592,-29.211733,329.81262,280.31796,-62.72209,337.52136,312.9437,142.56516,304.23557,313.38852,-132.30356,401.81778,314.04932,170.10565,374.07678,308.606,-220.05447,468.36063,300.61105,123.100426,449.08508,295.68988,-239.168,481.32965,297.67807,128.80368,471.23846,293.43814,-277.37912,483.5173,295.168,97.63839,467.06293,293.09695,-251.84196,479.39056,297.6312,108.99132,464.32904,294.87228,-231.3176,341.06348,447.4013,86.1061,324.1551,447.78107,-86.2629,341.94778,558.24207,65.09141,417.53906,453.7948,-219.72925,243.5071,551.2262,159.95105,392.65686,567.9414,-157.54372,222.86899,546.39575,170.49422,377.65335,584.20496,-148.80132,243.6377,589.37164,138.49489,431.42633,589.455,-188.9079
image9.png,450.1143,-61.18464,82.55462,461.39435,-86.35547,78.28962,467.22675,-88.38775,77.99427,473.40588,-89.86555,77.81509,449.44247,-82.0681,121.40657,447.50165,-80.582985,120.93564,445.21335,-79.2571,120.55802,496.40182,-87.47187,103.54629,457.79578,-73.87016,292.59137,468.14206,-43.76357,100.860275,442.60242,-28.112844,152.11162,615.3458,48.855827,-45.29429,422.70544,82.17482,461.74283,625.8191,265.50684,-274.48947,396.49612,259.72714,186.34787,493.75458,97.77622,-414.36688,357.76364,132.42247,-363.14648,467.29572,57.2701,-475.32285,356.63312,91.21903,-456.72107,483.1537,38.04424,-446.84674,349.4123,68.144424,-446.19806,486.78134,55.175964,-400.50366,363.4676,83.65597,-381.0011,603.2046,393.63412,-211.98692,520.75745,407.18637,211.15536,312.25394,377.42267,-483.43625,591.8086,741.25586,106.341064,359.537,736.9716,-418.51852,820.146,661.31506,463.30093,402.7804,797.4315,-415.09946,864.8882,632.5227,509.92975,215.1062,810.5113,-552.96484,851.74976,752.47034,469.6137
image90.png,632.4525,160.67444,-288.20383,644.97974,138.6628,-305.53113,651.6358,138.45076,-306.06967,658.64575,138.83835,-306.1105,638.4154,138.75586,-250.67561,638.5821,138.55074,-251.2536,638.4742,138.07481,-251.4894,694.8777,147.31085,-309.12476,666.4439,144.67955,-61.668102,648.9088,183.19295,-283.32492,637.0461,180.7652,-215.54231,784.1937,277.18027,-396.1319,657.4176,279.5386,165.71298,921.4067,386.48416,-379.62845,768.61426,427.22058,160.8934,848.2508,543.27356,-288.3259,704.07587,520.1878,-81.61338,827.9128,573.82263,-316.36472,702.12164,549.09375,-109.8803,816.23157,556.0907,-310.24115,702.6955,546.72577,-153.83687,819.1043,542.5601,-277.40057,700.04877,533.6456,-109.053246,814.8459,600.993,-177.74164,736.0136,585.0257,177.52309,929.90173,844.0382,-338.68225,512.48987,594.6476,66.357834,1121.9122,759.80396,45.05313,579.2054,830.97296,85.97753,1155.3334,737.633,84.911766,616.9119,876.6156,83.53843,1117.9542,850.12604,33.327007,487.8632,890.6321,-0.72646433
image91.png,537.1127,407.83734,16.778696,531.60626,400.842,23.708487,530.55963,400.88052,23.55583,529.4999,400.90836,23.578999,530.856,401.06906,-3.0197086,529.1271,401.17352,-3.17319,527.42456,401.28387,-3.1678052,516.32007,405.93762,56.88926,515.2744,405.989,-62.318214,533.5644,418.3981,33.247536,533.4735,418.37024,-2.2340314,483.23187,454.0237,121.21341,516.65375,459.24927,-131.92953,438.6838,491.8226,102.48011,574.3286,505.11545,-83.208,471.03055,543.47644,26.259317,570.4157,450.88217,80.741,477.80197,551.16876,27.17725,570.5062,436.67947,78.93811,480.67007,550.22284,18.11261,558.8631,438.10373,78.461876,479.28534,547.75714,20.766857,557.27124,443.57324,83.184845,494.19498,572.82983,86.889114,491.30978,578.27435,-86.937195,581.76776,577.99524,156.02985,492.69016,687.6012,-157.83583,565.8919,673.3059,191.55333,392.30057,663.6743,-43.84717,552.0209,691.0116,191.65897,373.66016,654.26056,-27.48822,604.7466,686.325,196.25603,396.0223,702.8842,-7.617915
image93.png,507.36417,82.283195,-181.81752,513.841,71.166695,-146.07558,519.9726,72.47588,-146.26735,525.5045,74.09135,-146.29878,499.0727,70.23194,-155.20927,492.4364,70.82159,-155.45297,485.46286,72.009834,-155.57501,526.9088,84.184616,2.2161412,470.85352,83.34011,-34.590652,512.9913,103.43662,-126.52262,494.05164,101.2208,-139.38756,569.6338,187.56914,60.258442,425.349,178.28899,-2.945624,653.7374,268.88998,1.1168942,330.3221,264.5243,-53.87137,606.44684,336.4243,-236.38763,406.12286,344.0142,-173.77876,595.7177,354.00684,-296.11694,429.3325,356.15723,-221.59895,581.60297,339.44586,-305.42004,436.8158,337.88406,-224.92981,582.27704,335.89713,-245.25494,432.06982,332.97958,-177.84332,547.95386,358.2268,19.09846,469.03595,368.9924,-19.404064,599.9876,402.5834,-393.95602,443.0009,506.85138,-18.668697,571.2663,574.0801,-273.17242,423.46002,510.97177,450.12997,561.7773,598.57544,-263.73752,413.9249,483.13348,499.49445,572.4262,619.59814,-389.6654,421.8683,536.76447,464.9933
image95.png,189.49483,57.777355,-78.00808,183.8032,50.62905,-70.15396,182.74854,50.60472,-70.27089,181.51744,50.63307,-70.25346,183.21089,50.958202,-92.76414,181.91643,51.255955,-92.92402,180.14407,51.607174,-92.98959,170.49744,54.58638,-28.617594,169.31494,55.134033,-130.92258,186.45227,66.477715,-59.567257,185.90646,66.81148,-90.01089,164.12645,101.399345,37.906094,158.89777,105.404816,-178.90233,169.93399,159.28984,46.675297,170.80345,164.90945,-186.50316,186.82065,199.51944,-2.5536828,192.02203,214.0196,-151.35115,189.42284,211.98534,-4.840479,192.98674,229.8998,-173.2881,191.72513,212.27591,-24.403797,201.13016,230.177,-173.34286,191.72617,208.11751,-11.668673,199.91121,224.79906,-151.45302,175.64244,205.40308,63.417057,161.97096,212.4864,-63.460537,252.54025,199.7496,98.313705,116.97856,293.03107,-113.93142,255.86772,282.1838,143.5971,32.315136,273.2567,-28.79525,243.41588,296.86267,144.709,15.3836,264.12698,-17.873896,287.83594,300.72513,121.145065,33.896614,303.06558,-34.703457
image96.png,774.9893,214.28792,-59.97123,769.1238,199.36186,-48.671944,766.4792,198.44873,-49.047462,763.7656,197.30751,-48.912434,769.152,199.54675,-97.50231,766.809,198.79898,-97.90933,764.29376,197.83228,-98.06544,741.0492,198.31425,22.237968,741.4169,199.67572,-197.0363,764.1032,229.3244,-26.028929,764.0123,229.15074,-91.943474,714.4434,290.60175,166.47931,708.4616,298.52072,-311.79108,774.9026,384.1833,11.336172,799.6368,407.27197,-198.71707,777.88666,314.55136,-310.81708,784.4254,307.69394,147.47034,775.92566,293.0623,-339.92896,786.3286,287.47247,150.66185,769.4201,288.69708,-322.66162,771.98596,286.04855,132.42953,770.3041,298.13815,-312.50912,769.8939,294.2873,147.82901,675.2259,517.7045,157.63501,640.3983,526.78534,-157.83437,830.3658,521.4035,436.44193,580.7861,708.4258,-305.15454,773.16034,679.27606,465.09317,405.91843,658.38336,-121.648796,740.7698,711.63916,458.5348,374.31274,637.72723,-94.58987,848.4807,717.23566,436.57443,397.3136,730.817,-93.41439
image97.png,581.73114,97.84651,-314.59854,596.2744,83.67577,-305.76907,602.61646,84.249245,-306.05252,608.7969,85.03924,-306.1439,582.6801,83.40718,-280.60214,579.5339,83.42056,-280.9307,577.11426,83.215256,-281.24936,626.28174,95.09728,-225.75243,582.91315,90.06702,-115.610115,594.634,115.89074,-281.9177,577.95447,114.850975,-252.30545,671.7795,193.46245,-237.90207,552.3909,189.05997,38.014618,673.5164,322.55145,-296.53995,522.7755,310.19733,-110.89347,594.2476,246.92706,-319.51797,539.2707,264.03424,-439.2435,578.40063,224.62656,-346.6568,540.6909,254.19508,-491.36057,590.9349,213.76904,-337.31638,536.55084,232.09015,-485.7072,592.77814,222.3811,-311.79324,542.14606,234.91098,-447.8866,653.02313,379.91415,-102.868866,588.20166,379.4893,102.63717,523.0757,431.73932,-259.88766,597.8807,524.7316,87.66126,560.9853,583.7405,-92.67293,689.5001,470.92587,387.72403,583.00934,604.28143,-76.9277,706.85834,451.9472,422.0413,495.9866,634.65076,-163.51537,694.26807,521.7146,404.23892
image99.png,350.9381,94.9737,-60.967888,348.11478,87.477165,-52.237125,346.83264,87.0469,-52.392746,345.50885,86.554665,-52.388462,347.57233,87.897545,-77.75378,345.97382,87.70043,-77.949814,344.2298,87.34135,-78.007095,332.69363,86.54599,-10.956137,332.08136,86.75098,-125.61821,344.263,102.352646,-41.84792,344.31317,102.3164,-75.90919,312.3426,130.86917,63.9237,307.8907,136.6121,-174.53882,315.00186,196.47762,95.82279,304.7655,210.668,-198.46149,335.99734,242.57935,62.91546,329.0039,269.40756,-160.04443,339.15442,251.10498,62.78711,331.11966,288.65845,-179.15988,343.90808,250.77306,42.22896,341.44727,285.61996,-175.87234,341.2699,250.00296,53.14928,340.09366,279.6812,-157.25697,277.0766,240.82782,74.89556,288.2849,244.09628,-75.0849,232.2243,304.70987,130.49074,375.40717,241.49431,-50.801044,152.95488,280.93362,142.5147,340.37177,310.89194,66.84563,138.4707,271.84912,143.33617,326.9431,323.59503,80.300865,142.11606,307.70825,128.66733,376.36676,332.26788,83.1671
