image1.png,719.61316,105.58642,-156.96564,708.4351,89.04384,-130.26213,707.225,88.60946,-130.61682,706.26,88.20742,-130.48375,705.37445,89.62411,-187.34967,700.5196,89.76141,-187.82649,695.5354,90.223854,-188.03044,679.44965,95.55107,-3.1086082,671.35406,97.84208,-261.18185,713.1593,122.46717,-101.42805,709.33795,122.91652,-179.1021,659.4422,202.6108,171.11641,639.13226,196.83684,-358.89334,651.0012,332.2048,253.73499,629.4863,327.41565,-428.1874,675.6102,441.0982,155.59462,658.74506,453.8355,-415.4991,672.32666,468.58514,154.05064,653.22675,493.0471,-474.5371,680.4848,471.2652,95.73417,667.7065,493.80692,-467.477,682.3464,459.8033,129.40953,669.67664,480.10602,-413.56454,657.6211,441.18243,166.81189,632.3398,441.38474,-166.93292,640.921,623.648,238.6369,632.99084,624.6557,-94.69432,631.8461,800.44635,356.03934,625.4102,805.3343,2.124015,617.0191,831.73145,358.36203,608.37305,839.9075,4.7219,700.7871,832.15686,245.13101,706.3524,839.8319,-143.34024
image100.png,470.77466,146.60997,-227.60893,483.53748,128.82558,-198.61375,491.48364,129.87978,-199.12392,500.11975,130.98085,-199.15738,464.28125,127.415924,-193.9155,457.41064,127.67508,-194.54558,449.78894,127.85992,-194.88228,511.50174,141.92854,-46.761948,445.64838,137.69046,-24.955072,487.70068,173.64395,-167.09274,459.1912,173.81677,-165.14519,561.527,267.59457,-20.72969,383.3784,267.00406,74.35363,686.4071,223.27705,-105.06542,380.51822,418.1262,-95.4537,563.27155,133.55017,-79.43023,503.17746,348.83405,-349.12964,538.82715,103.75723,-105.191414,531.47174,328.26907,-406.23505,534.9154,103.96568,-75.19581,525.9686,309.99585,-388.34305,540.2187,117.331535,-67.56424,519.7239,317.9674,-350.00308,517.46747,567.66376,-59.789253,419.3986,573.06616,59.337097,456.23517,801.18884,-128.96083,436.9617,801.2653,34.841415,448.40115,1073.3593,-77.09069,460.07162,1040.1763,172.75764,459.1216,1095.8971,-82.73236,475.96503,1056.9957,181.43968,422.764,1178.2949,-313.02893,440.24158,1112.1917,-0.48725215
image104.png,177.30316,117.85601,-56.090637,180.71745,113.61713,-50.742226,183.40149,114.05677,-50.93812,186.09706,114.67246,-50.961838,173.1144,114.38122,-53.540634,170.22815,115.35622,-53.807594,167.17947,116.34041,-53.912716,188.0671,120.55508,-10.017601,162.39195,120.438095,-21.470114,182.28868,125.21267,-37.430172,174.00105,125.86318,-42.386,208.9997,155.07837,-4.5033307,143.76657,152.92105,-15.495145,228.17062,94.84101,-48.067062,131.30956,94.88767,-77.27247,213.54895,37.972202,-76.81878,156.09492,43.021336,-105.699165,211.37473,24.794344,-93.23023,162.84659,30.628803,-123.249146,206.5408,24.069155,-92.34477,169.59029,32.5688,-120.32148,204.83525,29.255205,-78.52223,169.55882,36.497803,-107.75539,201.59386,286.76923,-0.8386571,156.94579,285.9531,0.6266973,213.68573,375.78802,-10.396959,136.17595,376.19763,-35.855644,206.25383,466.0307,23.450478,114.57714,468.17386,-8.39135,199.51703,478.90384,21.937134,121.179436,481.8671,-8.200988,228.42201,489.73508,-32.041706,91.56402,491.37732,-58.17796
image105.png,346.53952,62.797684,113.73262,343.69403,53.72833,83.74876,340.2919,54.237644,83.54742,334.49084,54.984264,83.58258,353.76907,53.66757,77.47785,356.4816,53.966705,77.13488,360.7344,54.471733,77.04466,325.42545,62.520058,-10.369081,363.3896,62.71657,-39.146656,341.41666,73.66421,91.2036,351.96432,73.635414,80.93305,288.74234,123.31717,-9.960535,398.03986,123.036125,-80.332565,239.57779,189.4666,108.84809,453.38425,189.53175,-27.494577,270.502,137.66647,265.67215,461.72235,138.89923,88.43058,268.90753,127.73444,286.24915,471.84506,131.4693,87.10184,279.23715,122.66423,270.58344,461.2834,125.81808,86.29437,286.83115,130.10107,264.07178,454.4809,130.23885,88.955414,315.96405,287.30084,26.168892,370.57513,290.51053,-26.301874,298.34943,402.06046,141.6819,383.80112,410.13986,13.1353035,283.98416,519.4381,179.78969,380.8118,535.7342,33.886524,280.06717,539.7303,182.61937,374.59454,551.25824,37.375282,280.0316,536.71674,183.6445,391.83878,549.1773,27.256926
image112.png,723.702,919.31714,-357.58786,727.4927,881.75134,-381.0843,738.4639,872.74036,-381.63348,749.59174,863.8947,-381.57336,708.0872,897.1166,-288.36633,703.87836,899.95557,-289.17764,699.30646,902.3626,-289.58542,787.3272,848.0612,-350.58304,720.0595,899.56146,64.121315,761.7411,931.34937,-328.775,739.582,946.98047,-214.31624,919.97516,1002.2942,-474.00687,852.01447,1034.1785,500.35867,896.1371,1270.9462,-506.54813,942.41864,1276.3019,688.1544,678.0722,1249.3899,-249.68193,996.13153,1409.9232,458.59622,625.43604,1254.0392,-296.20395,1013.62384,1455.6447,436.36273,633.0305,1213.6898,-256.65173,1005.4422,1443.4341,384.63522,650.3842,1211.0746,-216.34229,1001.7126,1424.2747,426.38547,1109.2167,1435.2386,-294.89203,1029.2185,1443.1868,294.80035,1075.2366,1816.4736,-223.10648,1027.4402,1824.3333,251.10654,1136.2483,2114.1335,206.43199,1078.9443,2101.276,653.13873,1183.734,2164.3987,240.24171,1123.8324,2144.036,685.8747,1027.7479,2199.4126,8.135126,987.8207,2188.0557,497.45453
image12.png,295.0957,140.60745,-374.12668,304.3077,125.79477,-357.12915,311.08038,125.933334,-357.65765,317.0528,125.85078,-357.62155,289.07016,126.63049,-357.97418,283.96408,127.03559,-358.58777,278.506,127.18011,-358.97406,323.12787,132.37576,-227.72882,268.725,132.15388,-229.90594,306.58115,157.29836,-318.64487,287.26755,156.96303,-322.6235,378.23334,237.07318,-142.43207,214.43689,240.4469,-128.49414,396.78223,366.69095,-74.91806,203.79335,371.6177,-119.5829,388.28665,471.3941,-127.38091,223.43735,476.85968,-198.8292,386.7429,503.0375,-145.85909,228.7881,511.34903,-227.4922,380.01437,504.10574,-187.72885,237.32442,506.59723,-257.57077,376.75208,492.49176,-142.33766,241.87024,495.24335,-213.43713,349.09512,486.27408,-1.1028848,261.4595,488.21933,0.79711527,333.70975,649.98334,18.891464,265.89148,651.5483,20.512846,315.65048,814.1685,163.19107,282.6175,815.9769,133.93611,313.9697,834.2444,166.7893,288.74356,837.1256,138.06854,316.05344,862.69147,0.11313102,270.7708,860.4316,-20.907389
image122.png,668.7347,129.75836,-215.03685,675.0552,120.10057,-207.04305,679.91797,120.27119,-207.33548,684.15063,120.552376,-207.32056,664.2855,120.2581,-193.4378,661.342,120.45966,-193.76431,658.84015,120.639145,-193.98735,692.0746,125.90394,-125.900566,657.7281,125.06316,-63.639038,675.8932,141.54231,-179.54018,663.95953,141.13136,-163.72076,722.5253,188.25803,-109.63921,632.5976,191.00417,51.70768,685.5473,248.35149,-121.47797,596.3336,258.2682,-64.71931,616.84607,245.59709,-149.47714,655.1145,245.0455,-318.09354,603.1889,245.31648,-180.49658,670.98926,245.96829,-370.6493,607.54865,238.76399,-182.64151,673.6918,234.68546,-367.09628,611.4697,240.41167,-148.29243,669.583,233.83554,-324.38715,689.62476,356.99405,-57.590782,633.8877,355.62698,57.475327,697.4889,484.93442,-32.06104,656.0274,478.502,113.15556,703.7182,599.7364,84.72546,672.80853,589.206,248.96362,701.8084,616.87726,87.660515,682.5106,610.4098,256.8051,695.63586,630.33417,-61.379673,625.40137,611.78186,136.63293
image152.png,933.62427,575.2526,-326.5924,920.8734,523.8862,-379.70224,932.7487,507.39255,-380.14786,945.28015,491.13074,-379.75748,901.4853,550.82086,-268.2327,897.9511,557.0504,-269.34732,893.7439,563.1792,-269.58783,998.17346,460.50018,-413.72195,920.4187,555.8075,93.02402,991.30096,571.8525,-307.3947,964.8281,602.0257,-167.95975,1118.1198,653.4559,-627.35345,1129.2006,661.3343,621.5268,1057.6,1031.9392,-678.3096,1114.3861,992.20026,808.8111,957.27246,1341.12,-362.06192,972.3882,1251.494,551.5766,925.92487,1407.4905,-428.74738,934.20807,1308.0726,538.34656,903.5892,1394.3213,-411.60596,916.7913,1317.8265,417.3312,921.8282,1377.3206,-339.0342,937.05615,1302.5873,486.3013,1409.9585,1252.3456,-375.561,1412.6426,1226.8043,375.26767,1394.4501,1802.6804,-279.82968,1378.4824,1771.4856,337.99692,1363.9618,2294.1433,-97.43876,1379.1617,2256.5244,478.2549,1466.3771,2414.5513,-92.6788,1400.8489,2277.24,481.93045,1141.2369,2414.1533,-357.25784,1251.3218,2356.353,258.34293
image160.png,76.59026,54.488655,-130.97203,77.48478,49.129387,-126.08065,79.024956,48.584072,-126.19479,80.57902,48.277046,-126.17317,73.82782,50.63835,-124.88278,72.68682,50.912487,-125.01877,71.576836,51.171875,-125.09778,83.25353,49.65111,-84.44286,71.43,52.60051,-78.99145,79.97419,57.419464,-113.332855,75.98779,58.203285,-112.49664,99.44271,71.01391,-45.376347,63.900978,74.31979,-40.582417,103.99324,103.4301,-23.041134,50.77619,97.93898,-39.749146,98.92012,131.71158,-54.87178,61.96669,113.39181,-95.34376,98.42501,141.18672,-66.58323,65.60863,115.57892,-112.04075,94.83995,140.26857,-77.37175,67.2093,113.25066,-119.42931,93.76963,136.79587,-59.04038,66.54318,112.05065,-99.88379,91.84007,129.56686,5.397874,70.88365,128.6271,-5.445514,101.22256,175.16539,1.7726939,74.11181,174.41605,-28.214499,91.12713,212.96506,69.82107,80.14803,221.27393,6.260578,86.81508,217.81169,73.78092,80.47964,226.53749,7.3748827,96.26003,231.51662,21.651024,82.83378,235.11539,-53.982277
image161.png,953.33307,261.03723,-555.19434,963.5635,249.11263,-519.9009,969.93555,250.15335,-520.4595,974.74207,251.16307,-520.41846,947.1064,246.32181,-540.29065,940.8369,245.21237,-540.94006,934.3555,244.15578,-541.3012,974.5531,259.1172,-320.43756,919.1251,249.52127,-414.2781,959.9551,282.05832,-474.63385,938.33026,276.37558,-505.44302,999.09485,346.7572,-188.48335,868.1119,329.6591,-408.20953,1065.9125,230.94633,-238.3457,922.0466,186.59506,-620.2962,1096.1499,90.26246,-380.47675,993.3799,57.359642,-768.66626,1090.4814,64.64499,-426.45132,1017.5846,36.46081,-859.06714,1083.6012,58.46364,-448.70367,1022.38184,33.96269,-844.3213,1080.181,65.50302,-396.43103,1017.82184,40.471188,-775.4133,964.3243,618.177,69.675125,862.34906,609.3314,-70.00825,968.12933,834.09094,182.06941,786.16473,796.0185,-26.142885,972.0037,1003.58496,472.69308,717.17053,956.7083,277.67322,959.19104,1022.8229,488.22437,718.819,973.6609,298.95166,991.4987,1076.241,244.84085,694.1477,1037.1274,59.566746
image165.png,158.42279,77.448006,-199.462,165.18993,67.750435,-190.57634,168.793,68.02466,-190.86826,171.46481,68.50475,-190.87854,152.9056,68.29104,-192.30424,149.21187,68.67844,-192.60753,145.24806,69.25891,-192.74742,174.83073,73.58256,-122.037315,140.4054,73.62947,-129.02345,164.07057,89.13448,-169.81952,151.87164,87.5386,-173.6828,214.06924,133.93864,-78.68778,103.85233,137.2107,-67.0245,245.98929,198.57254,-44.033974,82.5583,206.60127,-57.837486,239.21259,263.19385,-96.85042,81.28642,263.71152,-107.27873,243.38077,283.8996,-113.73116,79.542496,286.18054,-124.14486,234.02205,282.27435,-134.9691,83.370224,286.86316,-145.68185,228.81166,275.4788,-104.796104,89.4127,277.30792,-117.4488,192.02829,277.92026,0.06209665,133.2169,280.79056,-0.3093119,201.39478,383.6659,5.042688,132.81502,384.79526,-37.47173,203.82375,470.61633,99.01333,143.04816,479.9234,48.376286,202.19243,484.08722,102.608734,145.14394,489.9876,53.455223,217.30226,508.42517,23.394308,131.62941,509.9806,-21.1428
image167.png,857.38605,246.17487,-136.98615,864.759,231.98431,-108.28995,871.3454,232.19629,-108.613304,876.27985,232.24991,-108.48511,848.45404,233.57703,-104.35745,843.0887,234.54517,-104.815254,836.7126,235.79083,-105.00756,881.3096,238.8978,35.219814,829.8629,242.88092,57.84506,868.9081,262.29263,-80.3282,847.6038,260.21478,-77.01031,920.4856,297.2511,60.910786,805.34875,319.3017,118.86588,911.4242,168.54773,-13.35978,734.471,239.42365,51.18327,816.7196,128.58197,-0.65963393,739.7654,140.35687,-47.800636,794.99365,119.8876,-34.171753,738.139,120.6246,-93.45131,788.7844,124.673096,-25.144754,741.5019,122.4642,-90.841125,795.18225,129.3883,-0.4686026,742.31354,128.69678,-55.73982,912.61743,535.99634,-8.732938,829.8062,536.8448,8.456023,937.98035,707.6753,-5.266985,805.0362,710.9521,3.6626215,968.23926,860.00323,205.41946,772.0632,866.3229,173.37619,967.06256,878.5824,215.69937,779.33417,884.2903,182.72939,972.38837,910.1149,7.349196,750.4919,917.61053,-22.844213
image169.png,465.74826,96.590485,-123.47667,473.56085,83.79943,-129.99765,476.9259,82.25813,-130.21681,481.41104,80.966125,-130.1966,465.10864,86.4846,-106.93444,463.8042,86.773415,-107.179794,462.53046,86.94255,-107.35377,490.71646,82.14295,-122.89583,467.51175,89.716515,-16.734032,475.60638,102.93744,-117.18968,468.06317,104.53459,-88.01625,526.53015,133.24135,-150.97101,465.44223,148.3363,53.81225,518.35626,146.62001,-246.36736,428.16782,191.94695,-45.03165,487.64896,86.81753,-259.25342,409.11432,128.22736,-235.52258,479.5839,71.5549,-282.90607,404.9497,113.61701,-268.77966,481.25262,70.871826,-275.2461,406.2484,110.54355,-269.84116,482.79892,73.125084,-256.37814,410.5745,115.26088,-243.93315,519.381,283.2289,-68.18983,485.96286,286.3556,68.06629,529.1318,391.19897,-54.439556,495.4935,388.9968,135.44576,535.39264,484.5472,32.595848,516.0696,478.81094,215.32199,541.0847,491.14938,36.230553,524.5018,488.4187,220.46487,501.70392,519.8015,-58.021564,471.01477,489.54657,152.87206
image17.png,190.59688,127.62359,-596.7273,205.64287,105.80638,-568.6804,213.89694,106.15453,-569.33246,218.67447,106.58997,-569.2863,180.06616,107.1611,-569.416,173.08966,108.1008,-570.04974,165.4243,108.89006,-570.498,228.21117,116.00423,-376.1824,159.22714,115.73771,-378.71387,205.38287,147.98126,-517.0931,179.22739,147.07784,-521.47,296.65268,253.37514,-229.982,96.71621,233.66287,-247.97337,288.28763,398.32874,-213.7223,76.21136,382.8333,-298.4936,211.02391,486.42783,-429.83557,150.24582,486.51096,-531.964,188.91281,513.4931,-498.6806,164.61682,518.3142,-615.0502,180.2921,499.0574,-534.357,177.53816,503.45557,-635.27637,183.7225,487.61142,-445.65994,173.06192,489.83795,-546.4366,241.36961,523.03186,17.560417,135.23006,522.3358,-17.830454,239.39038,726.7294,88.79718,120.054344,720.9565,25.758768,235.74138,893.18384,404.19232,122.78411,884.41943,328.07388,222.83748,913.3276,420.9965,135.23878,902.54486,347.98712,253.59242,961.8468,179.59796,105.66527,948.5326,117.17605
image172.png,420.809,46.834408,2.727929,418.4621,39.887966,-2.465918,416.59323,39.3547,-2.5685878,414.79913,38.860245,-2.5640943,420.9579,40.144203,-25.331545,421.36774,39.897068,-25.532024,421.81805,39.573402,-25.54192,403.04822,39.159,-0.02374667,415.0328,40.858505,-104.661545,414.94656,53.107826,11.882781,418.08005,53.09351,-19.712893,358.452,77.12094,54.78454,409.99292,80.568596,-143.61014,397.77676,65.789536,120.67797,472.42517,101.188644,-159.64195,420.7638,39.17347,157.2551,469.1692,44.07881,-101.44365,432.60928,35.019203,163.77754,467.70544,31.604961,-118.03492,427.8924,31.212002,152.50389,458.612,29.575527,-121.3455,428.4491,35.876408,152.1636,458.7403,33.579365,-102.90947,370.74493,210.23836,61.265,399.487,210.1496,-61.422558,377.7679,305.2918,105.77656,408.45828,307.66144,-43.066456,380.60754,395.62045,174.53987,405.43207,407.93164,-22.258312,377.7375,408.51404,179.38672,397.4963,413.20056,-21.40617,395.44336,403.72324,165.57637,438.7753,417.70804,-55.055954
image175.png,255.19249,110.08985,-399.9845,264.21243,95.594955,-369.17593,271.3571,96.140884,-369.63858,276.46408,96.66984,-369.5089,247.22346,93.49563,-382.21335,241.19897,92.83662,-382.72455,235.68712,92.15889,-382.96603,281.71588,102.68114,-196.97037,226.62555,94.96358,-258.12396,262.62997,125.72024,-330.90097,244.23938,123.44918,-351.6288,311.4311,193.59477,-49.487106,173.83151,187.17606,-223.352,321.78568,311.26675,0.06588178,160.90887,313.0159,-279.15927,329.46658,400.45956,-144.21362,181.9502,419.93314,-415.3937,329.9735,434.07846,-174.92952,177.21121,452.2819,-471.86948,326.47876,434.68738,-222.67348,192.78479,448.2381,-497.546,321.4611,423.39954,-164.51648,198.39433,438.88422,-429.00674,283.893,421.1357,76.66706,203.57484,424.72485,-76.96981,329.7322,550.50195,-153.75049,200.24492,567.755,-278.8101,323.74445,702.97534,72.12556,213.71567,701.6917,-27.379917,310.72,737.1177,83.08722,215.28047,717.88525,-10.179527,402.5016,714.8557,-102.63996,222.6563,768.25226,-203.47359
image177.png,490.96487,274.7766,-370.724,505.6618,250.7821,-354.87943,517.6064,249.78528,-355.5478,524.4128,248.85435,-355.55243,477.61783,252.81758,-353.67313,469.66003,253.30658,-354.5194,461.26602,253.28693,-354.93796,537.7186,259.8503,-222.75072,449.5969,264.80197,-212.51036,509.78317,300.11984,-312.0448,482.0967,298.56516,-313.89725,625.5972,419.98352,-151.77634,379.02252,424.1351,-99.84297,673.2394,615.8121,-78.65484,343.5828,622.4157,-84.43198,685.2544,790.03973,-158.45445,334.31006,807.12775,-179.91243,692.62427,846.5988,-189.10342,329.41367,857.68365,-216.30339,674.07947,846.9579,-253.54436,341.71332,861.3908,-274.38574,661.82166,827.0772,-182.20473,350.80484,842.4201,-207.21748,572.46967,774.2446,-14.732204,436.0773,777.307,14.109646,595.29626,1064.4725,32.94625,420.51993,1069.0089,8.749912,612.4528,1335.7272,181.9884,422.32266,1339.1748,101.85814,604.7461,1373.4182,180.21883,440.07465,1376.1241,100.48051,634.641,1418.0996,-20.83508,370.9178,1416.4844,-90.91579
image178.png,298.14526,132.5721,-612.4045,307.36438,115.186714,-589.3153,314.80685,114.63295,-589.8344,321.59335,114.83752,-589.82544,288.71426,115.81993,-586.88873,281.91553,115.53913,-587.38513,277.59918,115.39032,-587.68756,328.80627,118.27214,-412.3654,272.85986,119.03869,-397.82022,309.755,148.42291,-539.1685,291.61914,148.63011,-537.8471,389.92877,221.9856,-271.55423,223.7511,227.75734,-230.27382,428.79697,347.45816,-221.6482,206.46004,352.55814,-218.6355,431.07056,456.88608,-370.00656,192.47206,465.89435,-390.25934,436.20764,489.50974,-421.6428,186.32426,496.8283,-446.62778,421.9391,489.62186,-473.77228,192.8966,500.06546,-498.76465,414.60025,478.70724,-392.54916,200.09047,489.06552,-416.62604,351.59583,456.23163,-14.8612995,263.53275,460.17975,14.524054,358.53,631.4493,-17.157063,263.94104,636.5718,49.273685,366.32114,795.96344,197.68805,261.69925,788.1005,268.34073,353.8283,823.0602,203.50684,276.56702,817.23584,277.94815,389.74496,851.9313,-25.831017,208.74066,844.2559,65.87947
image179.png,272.62323,109.01902,-285.52496,280.43268,92.32045,-273.07898,287.67267,92.81651,-273.4824,292.49893,93.23168,-273.50677,261.14407,94.36613,-268.82144,255.25963,95.55419,-269.36,248.3048,97.49624,-269.6633,299.49722,101.8094,-185.75746,241.34673,109.35045,-162.53444,284.93643,128.33192,-247.90416,262.49902,129.67458,-244.20297,363.60876,217.66927,-169.65744,203.98137,233.10153,-53.707664,398.32205,351.05536,-131.2919,171.58124,359.29718,-34.768288,381.8869,482.25897,-158.35497,148.87296,465.83252,-86.834404,388.33823,513.73145,-177.53398,142.32329,501.71732,-104.69752,367.4082,518.3505,-211.2009,142.35655,503.7119,-141.06505,361.12122,509.41656,-169.67761,151.06296,491.9651,-103.98161,300.3673,453.09543,-56.329147,218.06398,450.95258,55.961643,301.22247,640.7701,-43.391453,190.95917,628.3184,60.328445,322.0179,797.469,93.88478,177.70619,793.43744,125.02219,336.5343,817.20026,99.28339,199.57867,828.70233,126.75229,279.47964,873.43646,-13.043306,92.28874,849.2025,31.477499
image182.png,82.18168,34.931583,-213.66463,84.59844,30.03963,-207.00891,86.77518,29.676447,-207.15001,87.953636,29.466612,-207.11594,79.48343,30.979782,-208.05116,78.00178,31.297646,-208.21172,76.501495,31.37939,-208.30186,89.93697,30.540886,-150.23352,74.264145,32.15086,-154.56801,85.735054,38.60404,-189.67946,80.64344,38.90105,-191.86836,108.470375,59.194397,-91.474594,62.833313,61.977074,-107.36353,117.69326,94.86077,-62.43034,58.04442,98.736336,-95.6873,117.58404,129.90636,-105.06982,59.219482,136.73276,-140.55019,118.34617,140.3297,-118.95648,59.86257,147.21544,-160.10115,115.799614,140.34201,-136.89944,62.605755,146.70076,-174.19734,113.8822,136.1971,-112.397064,64.28949,143.0224,-147.62163,101.953125,125.07759,9.7832155,75.10176,126.0451,-9.862015,102.57309,179.18417,29.678177,76.0621,180.3879,-9.30842,108.95052,231.7056,96.50977,75.241394,233.65236,41.315983,108.15812,239.13208,98.302826,74.58421,240.16768,42.368534,109.16225,246.68912,21.347853,76.91319,248.95837,-39.21152
image184.png,569.00653,55.523743,91.3819,565.35767,51.377563,75.608055,562.9784,51.608986,75.54243,560.6201,51.743557,75.56638,572.19336,51.097744,71.83455,574.60394,51.15084,71.66274,576.69965,51.141895,71.615555,556.79126,54.308605,14.890924,578.89087,54.018543,-2.2427762,565.5754,61.1715,75.101814,572.25696,61.454678,69.05854,533.3866,95.89842,6.45672,601.645,98.84182,-45.689953,526.4355,147.96945,33.61127,602.8155,152.63257,-42.33836,525.95624,188.51003,63.20567,601.8158,196.40485,-10.241616,525.85016,201.47205,67.941734,601.9645,207.68005,-16.519062,530.32446,200.49774,56.026505,598.12103,207.56848,-19.932264,530.84766,196.04,59.938217,596.7102,203.84479,-11.114559,545.6613,186.02036,17.569944,580.7521,186.70547,-17.683073,540.64465,257.72778,85.202805,583.84686,257.5653,37.268684,531.89105,327.44714,109.236374,591.57074,328.4268,78.70087,531.3895,340.9158,109.028625,588.66504,341.90793,81.56522,513.9857,327.94598,81.132835,603.126,327.8083,57.345917
image190.png,243.73654,84.403725,-318.0449,246.88208,73.1506,-283.79956,251.52905,73.43637,-284.1602,256.74524,73.90104,-284.00845,235.06613,73.73981,-302.3216,230.38509,74.8205,-302.7566,224.65294,76.22206,-302.90723,256.03458,81.704,-104.58185,211.38043,83.8248,-190.33772,249.34598,97.9712,-248.8428,236.00874,97.36664,-275.92346,288.79752,175.56912,51.188095,171.6321,161.53607,-159.23586,331.46307,254.26471,118.56314,119.65384,231.41089,-240.11093,385.3993,320.20212,-28.025736,81.433945,306.10034,-452.52298,403.1178,344.01248,-50.810783,63.928253,329.07535,-513.6951,407.80615,345.34293,-110.22279,69.01755,332.5618,-549.5082,401.2659,338.95013,-55.9204,78.98949,326.60718,-473.871,272.40985,363.6193,78.36201,203.54204,359.91916,-78.583115,265.5228,504.4087,149.39717,193.77408,506.60156,-119.125984,270.04526,638.74023,281.68622,184.46732,645.475,-24.664711,254.81677,662.2635,281.96042,172.80475,665.1559,-25.170225,311.34283,675.382,101.40236,215.12318,690.0201,-234.47952
image192.png,417.18527,183.96146,-303.48694,435.4611,163.91765,-309.828,443.74426,164.75038,-310.22552,451.2316,166.07564,-310.2334,417.84842,162.3661,-256.82443,413.57684,161.24185,-257.2718,409.7112,159.80798,-257.34048,476.37512,178.0191,-249.88037,420.80457,165.82089,-9.998604,432.8954,209.2866,-270.2673,412.85107,206.94716,-204.92665,469.85022,284.9495,-357.50146,461.96796,299.09323,295.1674,479.03253,448.0406,-485.79596,464.0307,458.1891,345.20004,414.079,584.18945,-534.6448,426.10733,575.2718,141.6881,396.53888,613.18835,-603.0314,426.6169,610.98346,115.5991,391.8542,609.3092,-602.11865,415.65936,609.93536,55.09832,396.57858,598.48157,-530.73975,420.6752,600.0472,107.39738,460.02048,625.52594,-209.93343,459.3549,625.54224,209.70828,461.06155,870.502,-208.66417,448.71768,869.66034,163.61812,476.49847,1114.5331,-100.38227,464.6445,1063.3981,268.0459,504.65878,1160.2488,-99.6935,489.66025,1151.6843,270.31146,396.4132,1156.972,-252.28366,387.1259,1143.3462,160.94136
image194.png,473.11365,277.8618,-338.21246,490.2742,253.16505,-285.86414,501.58572,252.83046,-286.52704,512.35956,252.5394,-286.28452,455.23636,252.91457,-287.8215,444.75928,253.05838,-288.64273,435.11975,252.51599,-288.9395,516.47375,260.94275,-41.285835,418.76212,261.3337,-46.531475,491.16144,304.3511,-243.31322,454.89484,300.80872,-250.5635,598.4722,390.39597,68.58957,358.24637,395.95242,21.657715,725.19257,241.73499,-13.403835,219.94698,252.55856,53.987568,537.8009,218.32796,233.97308,403.2902,214.4538,346.76202,502.45306,210.01067,241.28654,443.21075,205.72086,342.48206,500.93616,226.26428,285.14444,445.26993,218.0985,395.25613,509.96765,234.12161,253.66298,431.8992,229.58464,367.73254,553.2941,801.46826,11.049816,405.34662,800.9745,-11.440159,613.6956,1081.9114,4.173679,337.084,1082.6858,-47.779865,625.0895,1334.3259,379.27444,323.74777,1341.4263,257.1548,603.08887,1372.33,402.20032,347.77283,1374.4246,275.44852,689.2732,1433.3387,126.02998,268.45892,1435.8158,-3.0636876
image196.png,412.66156,186.26004,-628.2671,421.31592,161.77911,-568.9577,433.30966,161.16406,-569.5781,439.80527,160.99011,-569.3604,394.58243,162.8564,-610.58704,385.33295,163.20334,-611.37384,374.81775,163.78204,-611.8474,450.6949,169.8325,-247.65991,360.13522,172.73924,-441.49762,431.10306,207.64592,-500.74658,399.19525,209.86783,-560.5611,483.22818,331.61435,72.56361,309.65414,310.10678,-429.81003,505.52515,497.17017,226.78555,283.88998,502.56204,-526.45636,534.5555,626.9122,5.5928707,378.8846,662.9687,-721.26996,529.20886,677.59705,-34.252907,386.76196,719.79126,-830.79126,523.5028,672.4927,-117.22917,414.9136,714.3698,-846.5736,519.5275,654.28906,-31.94709,410.59158,688.7359,-731.3526,480.39206,666.10034,169.56876,382.51096,667.83746,-169.93921,451.9582,903.3029,441.49152,401.53067,915.8108,-101.40061,416.44922,1088.1642,874.8042,389.70898,1136.2394,182.50122,387.50446,1118.727,902.4133,374.28964,1163.2073,198.65329,481.0484,1151.941,670.187,414.2084,1228.9891,-107.67758
image20.png,92.440506,39.5571,-60.504658,84.88486,32.526093,-50.5971,83.465416,32.45684,-50.773438,81.82987,32.437794,-50.702793,84.45216,32.767475,-76.1837,82.9987,32.90148,-76.407074,80.99284,33.102276,-76.503784,69.82342,36.81774,0.09278005,69.562004,37.522835,-115.67017,89.25276,48.061783,-37.164906,88.591446,47.948914,-72.098854,65.650215,83.80416,76.98099,65.32856,84.932205,-157.25223,74.41426,143.7123,107.86492,72.43484,144.53568,-183.04202,88.96899,185.64246,62.410873,93.545784,193.44948,-175.80896,89.880135,200.57184,62.26739,96.545296,209.29236,-201.82617,91.974815,200.3742,38.26795,100.46861,209.3249,-196.36473,93.34599,196.48709,51.805435,99.97921,204.17659,-173.99115,77.77714,190.74316,74.87174,76.78754,192.69124,-74.9274,76.61832,274.24255,124.76801,75.7386,278.40448,-32.84765,78.42747,351.2627,190.15929,75.80063,360.55548,20.50257,72.4168,363.18594,192.73239,67.90309,375.16208,22.832977,113.25016,359.422,144.8324,113.351036,370.4694,-44.09872
image200.png,177.22589,45.221626,-211.67902,181.65117,38.66534,-201.33481,184.73532,38.81843,-201.52428,186.41454,38.936085,-201.51169,174.40155,38.392494,-201.43875,172.68816,38.362736,-201.64528,170.51408,38.341278,-201.78383,191.10785,41.381207,-130.25143,168.74533,40.27894,-130.51558,181.4924,52.022987,-182.69557,174.78494,51.43007,-183.92316,215.74777,85.15898,-75.26545,146.92023,83.292694,-77.717766,224.77284,134.63258,-44.62695,137.8508,132.9042,-72.50202,224.5781,180.31046,-100.460144,137.71213,180.69641,-142.9267,223.35022,194.70926,-119.8616,138.93715,194.88472,-167.89828,217.43892,194.60295,-141.01524,142.71458,194.13411,-185.17027,215.59512,189.55472,-109.37157,144.30377,189.43098,-152.02165,198.05116,182.87479,3.8415189,162.03311,183.71149,-3.953764,201.42502,252.71654,21.544218,160.46799,253.7603,17.216722,201.37764,316.18277,150.64252,161.01573,316.55286,130.9568,198.51291,322.26462,158.64252,163.7375,323.61868,138.60522,199.34914,341.59457,69.65342,156.09569,342.3398,49.910686
image203.png,522.25946,200.97461,-700.733,537.40936,173.7692,-676.2081,548.16565,173.46187,-677.03174,559.2734,174.87683,-677.0412,505.85492,178.96356,-677.9846,494.613,182.09547,-678.90955,485.60367,184.13748,-679.379,570.7637,187.22334,-475.15427,477.9605,193.49957,-476.91348,543.09296,229.78006,-614.41547,508.25354,232.7754,-620.0576,673.88446,380.03998,-301.41446,383.9176,377.21658,-306.92828,726.11993,587.7001,-196.95589,318.2154,583.7792,-283.54324,722.5018,783.0193,-361.9812,295.1919,784.45337,-467.45972,728.9454,839.1542,-416.43863,282.16562,844.1661,-536.63214,706.7933,841.123,-498.69165,308.05948,843.9973,-613.6582,694.06006,823.7546,-394.39096,321.4922,824.5552,-503.72745,592.905,785.33185,7.623615,433.30402,783.5666,-8.346146,614.9692,1104.974,10.386056,433.20523,1103.3967,-93.10974,598.16986,1396.8082,249.94157,426.36157,1402.4783,57.9155,572.7298,1450.2727,250.63762,449.16577,1451.6683,55.819412,671.99304,1466.1084,-29.379591,360.935,1483.6243,-229.6998
image205.png,433.93152,102.427315,-315.7661,451.12894,87.93525,-301.2471,460.2615,90.51908,-301.6503,468.3269,93.21699,-301.63217,432.3483,83.30969,-265.21445,426.36108,82.45678,-265.86002,420.36005,81.970505,-266.271,474.2111,106.13305,-169.20123,415.14032,91.95689,-3.9857953,444.67447,128.76509,-261.11807,419.48187,121.32044,-217.38791,492.03415,198.85646,-129.8854,364.7494,231.34148,225.14601,539.8745,66.359566,-49.12575,324.8894,390.00882,429.78696,499.2636,122.93691,238.89825,290.26877,517.3563,338.97803,489.70242,131.36668,231.96361,282.83478,558.39374,312.5152,487.412,141.69987,216.75189,278.88297,561.80164,254.37561,488.26013,139.6607,236.84712,285.31018,549.04425,310.48563,431.7445,520.3768,-133.2086,348.50043,526.5562,132.943,440.62567,752.7361,-108.23741,365.33774,769.0692,125.10418,428.90793,971.4931,45.685867,413.83002,968.3074,315.7161,442.88644,1002.84454,50.238476,434.8238,994.89087,327.66562,367.48907,1053.8245,-205.0966,375.7404,1047.4055,120.94079
image21.png,290.3253,87.79673,-247.08583,295.23575,80.49419,-230.34142,300.26736,81.35864,-230.60722,304.15802,82.291855,-230.58603,285.7731,79.68324,-230.03249,282.90823,79.87617,-230.36241,279.84586,80.14809,-230.54645,308.17477,88.805115,-130.01628,274.4287,85.88596,-126.87694,296.43848,100.14999,-206.9949,286.03333,99.01759,-208.06659,342.58618,156.59854,-59.68421,243.4037,160.46516,-52.97895,357.98102,232.11841,-8.869118,227.02881,235.15617,-32.96205,363.69235,300.18442,-85.886024,213.91002,302.42682,-132.37294,362.22876,320.682,-109.191025,212.34764,324.2875,-165.19173,360.27597,321.1708,-146.51141,215.59912,324.28024,-196.63448,358.05463,314.04895,-101.29951,219.38087,316.02902,-148.38406,322.64044,300.09253,-3.099176,263.7031,299.21997,2.833283,323.8947,427.5773,-1.8410544,261.38647,426.27023,-20.076807,327.90576,539.43243,105.66133,261.68533,540.7453,71.280136,325.106,554.9397,107.20832,265.5074,555.4546,73.811165,328.89896,569.9132,-39.878967,248.97166,567.939,-67.21716
image211.png,327.7791,189.58649,-413.88528,338.69116,172.0286,-396.76385,346.4229,172.46255,-397.16473,353.4597,173.7991,-397.1207,323.10464,171.70941,-374.3639,318.78818,171.69473,-374.8578,313.85394,171.41754,-375.1559,365.3796,180.4829,-258.96478,311.94595,175.9894,-155.23329,337.97098,205.08707,-356.1606,321.17276,203.67143,-329.3667,405.69766,287.49997,-235.6789,277.5589,276.32184,52.084503,423.50372,418.02487,-303.46057,251.74687,379.2039,32.644466,334.5168,461.59558,-448.28458,249.55225,442.33133,-252.27989,314.07477,480.63318,-515.75366,251.16159,469.27948,-315.93954,310.76694,458.96173,-529.10284,258.66736,459.36163,-350.0871,318.62137,452.20178,-454.81427,264.73016,455.01172,-275.5225,354.8246,515.1741,-114.5941,279.274,513.29144,114.429955,363.52225,697.98,-162.39043,280.54947,690.66864,179.73773,369.11984,874.03284,-8.795326,291.66843,844.3825,397.4194,371.0536,891.1699,-5.4633365,305.19916,875.9978,410.76666,338.85498,938.4534,-242.97832,212.54477,884.232,224.98105
image215.png,425.5109,205.00206,-703.07764,424.08472,181.58257,-669.3416,428.85532,180.44894,-670.18286,434.2661,179.03296,-670.13367,404.3209,184.18819,-677.4633,394.51627,186.40894,-678.17865,384.26788,189.01855,-678.60986,420.49704,191.08197,-432.78873,355.83258,204.42851,-464.11716,431.77594,228.70294,-604.0871,411.1474,231.99664,-617.63916,525.24243,319.27042,-283.90286,298.51968,354.5498,-253.77658,574.1999,495.42212,-238.98346,245.44234,518.22394,-279.95374,546.85114,647.1104,-497.4443,289.13474,639.2473,-580.0816,535.5755,701.96045,-582.3358,306.45303,695.68176,-675.5029,511.6486,686.9582,-640.5263,327.02408,681.0087,-725.89056,509.00116,668.18115,-523.3447,328.2944,660.01105,-608.59576,492.20813,696.9532,-19.635172,364.31345,700.0451,19.250675,553.41864,922.0766,66.44797,344.50903,919.3824,184.4022,600.8303,1133.0906,467.41974,345.74353,1126.2006,571.82104,585.3301,1171.553,489.26532,363.24454,1161.3796,596.0074,640.6948,1212.2045,221.213,304.19962,1198.2313,339.61066
image217.png,149.00455,58.355938,-223.35281,153.16063,50.432575,-215.57059,156.81766,50.748238,-215.83598,159.74991,50.93473,-215.8487,145.53958,49.609127,-215.3874,143.15996,49.41832,-215.69395,140.78033,49.294807,-215.88396,164.04105,52.968334,-148.5992,136.35602,52.0739,-146.6041,154.36632,65.81033,-194.1296,144.52026,65.55095,-195.1996,192.27524,103.656746,-93.712166,109.54387,106.20383,-84.258835,203.77783,168.61288,-40.83352,100.63731,170.59906,-62.02731,194.69293,222.01674,-61.33095,108.53396,223.28021,-97.23711,191.79604,239.80864,-71.747444,110.60484,239.6438,-112.38022,185.7482,236.9051,-92.22511,119.31991,236.40825,-130.43703,184.5949,230.46176,-68.07415,120.18474,230.08743,-105.39979,174.2972,226.81584,-1.6668645,127.306694,225.63046,1.4838408,179.63832,324.34525,6.730039,133.94464,321.212,-14.860315,169.34137,404.7038,99.72094,146.74858,406.47708,53.51533,163.19235,415.3082,103.43681,151.45653,417.16034,56.65125,182.75792,437.17664,22.929981,135.20549,437.36353,-22.803997
image218.png,257.17026,116.72861,-323.10135,263.34018,101.376076,-302.817,269.13675,100.8461,-303.28604,275.93802,100.2544,-303.2683,245.18816,102.22212,-313.44614,237.55574,102.59079,-313.9672,231.46413,102.962036,-314.2064,281.49957,103.579,-161.23941,223.43834,108.123116,-209.27899,268.14856,131.44925,-262.536,247.86487,132.70525,-279.34106,331.76163,202.7959,-31.147615,178.7162,209.65396,-140.4396,360.43515,320.52298,42.92921,143.52783,339.80203,-157.0132,367.23422,419.159,-78.83242,219.46178,419.13086,-266.3901,361.37323,451.47977,-113.233376,236.95781,445.0474,-311.7138,349.4024,447.74445,-150.24312,247.94243,431.33038,-329.7596,347.6693,433.95663,-94.270195,245.00563,420.94333,-275.33133,331.63223,451.11987,46.046062,241.0279,459.1305,-46.3803,382.9864,627.4642,-1.5264837,242.18723,638.832,-106.78992,376.51938,810.43085,97.77126,263.0227,809.6158,27.463362,359.85373,841.68695,96.34146,270.31326,831.7663,33.94887,445.8336,857.4118,-57.48062,262.31067,864.8634,-113.49176
image22.png,351.48868,167.44054,-428.56088,361.942,153.15921,-402.96643,369.35583,152.99464,-403.5412,377.42026,152.92686,-403.43457,340.88962,155.88744,-409.9048,335.01505,157.04774,-410.52478,328.77325,158.03711,-410.87265,384.41187,162.49957,-235.83667,317.5347,166.51268,-266.70743,366.5768,189.58556,-359.0774,340.63373,188.97433,-371.48334,431.86673,278.96344,-106.57304,262.2424,265.13165,-182.29251,446.72778,420.12143,-39.87572,239.46916,411.59265,-173.6392,446.44934,542.63794,-165.24368,260.37738,542.02484,-286.2306,440.8848,585.7934,-198.5496,252.6409,586.0395,-334.60333,429.88235,584.6089,-251.69461,272.79633,582.05804,-373.56216,425.47882,569.8747,-186.42079,281.25717,566.85065,-304.9192,397.82004,540.2021,39.063725,301.49152,540.299,-39.48525,376.18347,738.1077,102.61199,304.08826,732.2633,-14.301619,346.96448,895.85266,323.8603,305.8464,904.5402,204.82593,336.71158,913.0762,333.59067,302.24902,926.5069,218.14992,356.42987,958.92737,148.71786,322.52737,973.2419,28.395763
image224.png,273.95053,32.1545,-136.81836,276.1187,25.968475,-121.139496,278.3547,26.002459,-121.29697,280.1912,25.996195,-121.2391,270.1157,25.761745,-131.90883,268.04706,25.690088,-132.1331,265.798,25.557375,-132.24927,280.31042,29.225231,-39.238636,260.30737,27.960392,-88.4246,276.7332,38.900745,-104.21366,270.80103,38.85818,-119.62667,292.2143,73.31827,39.006714,238.06285,65.793304,-85.20984,293.78497,123.732254,76.05785,228.48889,117.96193,-98.61757,299.74908,165.12245,15.131116,232.73851,165.19365,-144.61356,299.50977,178.96112,4.7774568,229.01045,180.1914,-169.96297,300.7697,179.52962,-18.709044,237.42776,179.45703,-180.5287,299.73813,174.47012,4.378633,240.56244,174.097,-150.02782,281.97595,166.78928,42.51314,249.46004,165.99883,-42.62439,284.89423,241.1478,59.483208,249.15276,239.70564,-44.194023,286.60956,308.1616,141.53532,246.25426,310.95572,22.60969,281.29327,318.58694,144.4262,240.3194,321.0567,25.172625,306.73035,328.62015,60.268005,263.12378,335.72156,-72.63672
image226.png,381.8497,274.92654,-380.2393,400.03864,244.7166,-403.62228,408.20496,243.79465,-404.37918,416.4094,243.24257,-404.32074,389.67865,246.14404,-372.44635,390.84613,246.21693,-373.50305,391.73425,246.17267,-374.136,463.86722,250.88777,-404.66663,428.58923,254.02522,-256.32364,407.0592,302.22363,-366.58047,394.25952,304.81342,-328.7414,641.65857,398.19913,-325.28174,347.1696,425.70642,-171.07486,730.66974,605.68884,-240.69337,306.11188,630.0824,-171.10338,760.4085,804.0358,-246.39774,332.0921,813.939,-316.63678,773.42914,863.81445,-265.9076,331.38495,872.182,-364.02252,746.5381,866.3401,-336.75455,360.31323,862.23486,-415.95114,730.8645,851.1967,-269.07544,367.2516,838.66766,-344.03122,602.74866,783.37244,-42.0711,445.40045,791.1007,41.425404,717.0045,1073.2097,-28.89086,433.96732,1109.0402,52.599377,781.1537,1360.6498,97.71231,444.15247,1391.8384,149.43277,773.8582,1388.3184,92.08343,466.73877,1444.0315,150.65482,791.0883,1497.749,-150.92152,352.44556,1489.8846,-36.588966
image227.png,608.3708,375.0205,-1127.4752,630.1145,323.50815,-1035.8834,654.8126,323.1672,-1037.4216,670.3813,323.2584,-1037.4727,578.8711,322.71802,-1072.6813,562.4828,322.73126,-1074.0947,542.0141,322.59393,-1075.1691,691.2976,332.13593,-497.4898,510.7733,329.6963,-666.84784,639.6675,423.72864,-909.5718,581.5515,424.2472,-965.8227,831.99976,628.07446,-65.19171,346.40265,668.4945,-494.47955,926.588,986.4242,222.32935,324.77637,1055.6185,-1065.8812,986.38184,1286.5259,-132.97849,585.897,839.51483,-1916.6093,998.25586,1393.0234,-221.09283,678.78046,795.1642,-2150.4465,993.7705,1397.253,-344.22235,652.7396,742.91046,-2102.726,977.22644,1364.5065,-185.3537,628.5276,755.4178,-1918.0359,799.39105,1318.704,165.47456,553.622,1341.158,-166.1029,878.8785,1854.123,21.535368,560.53076,1882.2941,-115.02475,744.90436,2064.5776,1311.692,535.19604,2288.7854,812.0353,688.2401,2052.4482,1426.3593,523.9375,2350.9578,893.352,760.29553,2323.3245,1101.7367,603.9892,2455.751,445.41232
image23.png,591.9963,277.80414,-357.94986,615.76697,243.54106,-331.04895,627.379,245.15996,-331.91953,641.98303,246.37863,-331.99643,575.5248,237.8001,-333.70566,563.31976,236.18562,-334.64148,555.5626,233.97612,-335.1401,652.8639,257.10394,-174.66797,534.9894,249.31584,-184.00267,614.1466,314.51398,-294.10693,566.40955,310.0111,-301.79367,740.0401,465.1698,-139.33086,426.38443,455.88992,-100.065865,785.6524,699.6741,-106.53129,377.26898,680.83264,-118.39426,804.7897,894.12177,-193.90804,335.7651,875.19763,-233.19064,822.67316,952.695,-217.3489,323.40625,942.7602,-262.42407,796.73553,953.5104,-272.79758,347.39612,942.9272,-321.3442,776.14355,932.729,-214.09135,360.98383,920.09564,-260.8144,661.24805,905.24036,-11.452975,495.29294,904.28735,10.651079,669.4553,1153.6248,84.7654,460.03485,1169.2003,57.934216,675.76,1341.5813,421.67358,452.19427,1331.1404,349.00793,659.6461,1361.4856,444.75653,468.22757,1351.9446,374.5348,710.5931,1478.9594,307.33463,417.94482,1473.1599,247.26073
image235.png,216.10654,92.32543,-125.0081,220.4038,79.76949,-148.25235,223.51973,78.5531,-148.57338,227.04732,77.351425,-148.502,217.56923,80.442276,-113.07945,217.81625,79.92531,-113.42371,217.97647,79.24935,-113.613106,247.27716,76.059685,-184.12941,233.7104,79.02164,-24.208439,224.8931,101.0291,-129.73346,220.58372,101.61201,-85.765755,281.7162,141.61668,-228.51978,226.31383,140.92441,97.91454,202.74548,191.088,-307.88132,174.63345,196.32625,25.170616,143.45102,135.54425,-350.39005,137.80446,147.1768,-237.77637,126.33557,119.40523,-388.90472,126.10033,126.96241,-282.63293,132.68275,109.61292,-386.58984,129.94131,119.853325,-296.42624,138.98683,117.07346,-347.48557,136.36035,128.10385,-254.23267,246.1444,304.64685,-91.58012,200.7248,301.10538,91.60434,246.9758,423.58893,-32.32977,178.42912,420.16418,139.60692,251.8439,536.1652,99.52178,176.01654,532.467,249.78416,262.3111,554.25165,103.24317,185.5294,555.777,254.85129,212.9623,575.121,-42.36034,120.89341,554.7684,138.67114
image236.png,209.75143,65.83473,-228.50748,213.56146,55.445766,-206.92982,218.68605,55.678852,-207.25005,222.68181,56.2051,-207.17406,201.51842,54.776394,-219.82014,197.15219,55.17184,-220.18025,192.81824,55.877335,-220.3966,223.83113,61.004536,-81.34354,183.95345,62.390022,-140.74889,215.63232,76.906425,-177.36398,201.63838,77.464714,-196.65674,248.98148,126.312645,25.891266,153.77724,123.11318,-117.63604,282.4624,193.90517,-14.290825,178.17992,196.1914,-165.55719,212.55812,188.94156,-211.43147,250.4807,193.87872,-246.52158,192.81612,192.83548,-249.7153,265.53864,192.63062,-291.33105,188.07852,183.97408,-253.44196,263.51517,183.39471,-285.59113,193.00153,183.17471,-215.77637,259.16162,183.94772,-246.11266,232.3986,296.52896,56.214016,178.32484,298.808,-56.408615,227.08846,409.29968,168.07089,167.48878,419.11465,-22.900414,226.45862,504.189,371.00082,158.67819,528.1175,79.67697,217.18817,520.0954,384.48367,153.46999,542.0392,84.15455,262.6672,536.64886,264.5642,183.81442,574.5368,-73.02304
image237.png,653.7142,257.98715,-573.015,663.1456,234.58559,-532.93994,674.7696,234.16536,-533.6152,682.8505,233.98828,-533.61847,637.0506,234.87778,-557.61444,628.59973,234.997,-558.4165,618.5013,236.03754,-558.8747,688.25446,242.97243,-283.7538,601.6598,250.82298,-395.2101,668.2768,282.53836,-469.40683,637.34515,283.16547,-506.00067,748.5744,419.48938,-72.97183,515.9183,375.9082,-268.01587,767.551,587.63495,59.392635,436.32162,552.61743,-282.37396,738.59033,725.6166,-141.7975,513.83606,707.33875,-457.4916,718.6875,774.4211,-199.01608,524.5531,759.5466,-537.67633,701.52704,756.4315,-260.75848,541.7679,750.1929,-567.58044,703.8112,735.0648,-167.94797,543.4491,729.9449,-472.32172,687.25165,757.1608,65.89277,560.0059,758.2605,-66.37343,647.7089,1028.3453,154.97598,515.9732,1034.2557,-138.34358,619.3317,1277.1952,434.63812,460.8913,1301.3038,-1.8692864,598.51196,1317.7388,444.06366,474.35648,1340.9421,-2.507123,691.5178,1354.9436,187.53966,392.71133,1391.9535,-295.61426
image24.png,252.62158,78.78335,-326.87482,259.84808,69.60066,-309.30484,264.07718,70.50159,-309.6334,269.01453,71.752914,-309.59613,248.59593,68.745575,-310.5739,245.00034,69.02234,-310.94077,241.18153,69.39705,-311.12643,274.5155,78.22585,-197.8005,235.14595,78.175064,-203.49455,260.75388,92.406845,-282.43103,247.1193,91.7692,-286.15448,312.42114,163.00674,-117.77607,199.16129,162.19295,-131.15508,333.97754,253.4005,-72.01665,180.47685,256.084,-138.05829,374.1439,330.3376,-163.55347,146.4211,331.6513,-268.4198,385.06598,352.88284,-186.32687,138.76558,355.92212,-306.6458,387.45215,354.72394,-234.53346,135.31409,355.64297,-346.02072,380.65363,347.8463,-184.19583,140.86311,348.3866,-289.12894,294.96854,333.73563,9.556997,229.37871,333.47733,-9.887576,284.3992,463.14194,36.85643,233.7531,460.56387,1.5957787,273.97437,582.0441,212.68459,243.10764,580.6864,185.59346,272.02844,592.0162,221.04971,244.30247,591.90967,197.61346,266.22998,618.14825,68.974976,247.39069,618.8816,53.329273
image242.png,265.7151,52.935486,-302.22366,273.20657,44.744095,-285.4469,277.55603,44.746452,-285.7291,280.1499,44.75378,-285.70688,261.74625,44.24665,-284.87018,258.69986,44.241676,-285.18082,255.86018,43.78341,-285.36765,286.23038,49.163635,-177.51675,251.6715,46.720562,-173.7883,272.3769,63.30053,-258.481,261.878,62.01874,-259.40268,314.24835,115.992645,-106.988976,216.84248,110.65984,-85.52594,330.14035,190.53821,-69.37306,195.4069,185.77231,-78.57543,326.1966,260.06085,-158.77377,194.53029,255.18213,-183.61188,329.44772,282.66556,-187.4547,191.41754,276.90186,-218.34439,319.34686,280.90872,-220.93387,199.2476,278.115,-245.54204,315.00555,273.512,-172.6571,203.85986,270.50897,-197.83652,283.8951,255.14525,-9.049436,229.39105,253.87811,8.86321,277.95142,370.20468,-25.947792,223.20897,367.1659,-13.23581,270.01663,479.56363,94.7857,235.99884,471.36078,113.731674,266.6718,492.7923,98.21082,244.3511,484.98163,120.30538,259.247,517.8119,-44.1458,223.30672,510.52814,-6.6463737
image245.png,121.84373,53.6028,-135.0061,123.6113,47.602055,-123.231415,125.9202,47.577293,-123.39505,127.9093,47.51544,-123.3471,117.45528,47.581497,-131.81511,114.95208,47.820213,-132.01321,112.67032,48.117157,-132.1148,127.88365,50.002213,-50.8652,108.17076,50.93046,-89.777885,125.249275,59.088787,-105.06048,118.17045,59.412594,-117.43117,143.0065,87.210365,19.770922,94.62198,88.51747,-76.27046,159.43466,130.0889,-7.786421,113.31413,132.02853,-76.517845,127.72442,126.09987,-137.79347,146.78252,123.32973,-88.094986,118.60654,126.24767,-161.96161,152.65561,122.3474,-107.26918,116.90456,121.0145,-164.56842,150.82248,118.73099,-107.84978,118.866425,121.19467,-141.38145,149.11938,118.937584,-88.285675,138.5866,182.4781,37.565914,110.45076,184.40652,-37.664383,134.805,252.75945,74.71219,108.63687,254.5039,-24.737946,125.88813,311.23322,165.47473,102.31189,317.7832,44.062157,117.97285,320.63297,170.52654,96.584114,324.99442,47.723526,149.46683,324.5144,99.6542,113.61051,339.26193,-36.56306
image248.png,425.31833,158.24513,-524.3133,442.50208,135.42459,-470.54852,450.61008,134.568,-471.13773,457.52267,133.85565,-470.94055,412.33224,137.37453,-477.5276,403.1464,138.01027,-478.2356,393.33243,137.92418,-478.44696,462.04034,142.42151,-183.0845,376.2555,143.71452,-212.18666,442.6456,183.43657,-408.49124,413.87546,178.93208,-422.60062,543.87506,260.97845,-10.799341,295.14948,259.4153,-40.563362,717.5735,236.17865,-121.50407,120.21785,227.57405,-130.24475,607.97235,94.9135,-255.93523,214.1649,80.67525,-123.97424,574.11,65.35083,-298.62622,246.62169,52.747845,-158.11174,560.44226,71.78094,-270.36328,262.11957,58.321415,-119.79898,566.04895,93.75435,-245.9812,257.08563,71.923546,-113.53973,481.08948,645.48065,10.699007,350.27234,643.3487,-11.190625,510.7148,917.0852,49.610714,325.8209,912.2298,13.034331,548.783,1187.7627,346.00394,308.95346,1190.3452,281.83948,526.3513,1235.6542,353.09015,325.1817,1234.2117,290.94,608.3593,1263.0505,19.53514,245.6971,1259.563,-35.366447
image25.png,407.30835,186.53511,-869.8201,421.53894,166.24371,-830.405,430.40125,167.32664,-831.0582,441.3626,168.60901,-831.0241,392.7708,164.5246,-835.5768,383.53427,165.13243,-836.2142,375.81656,165.38165,-836.6364,452.8348,180.24829,-571.9727,361.26413,180.02829,-591.7963,425.51807,213.76462,-765.8739,391.61295,212.59792,-775.6213,526.74335,340.24698,-378.0346,290.6199,332.8384,-403.4383,560.8543,511.92633,-337.54614,249.90775,510.24362,-411.93024,547.0704,652.968,-606.86176,276.00897,658.7535,-666.63135,547.0984,707.2265,-688.8528,273.54083,715.50696,-760.55707,525.7037,703.2164,-760.06384,292.50937,713.5774,-814.8813,520.18097,684.45483,-638.94183,301.8843,688.21326,-695.0028,472.13342,655.8025,2.157897,347.41553,655.4126,-2.5612035,464.85944,884.3589,-55.9108,356.4898,880.5261,-1.8609058,434.1233,1095.5092,354.65326,377.63617,1089.1299,375.83936,431.0286,1116.6447,379.35,388.53827,1110.2106,401.5333,415.29742,1177.3694,91.060555,367.26105,1179.3179,125.56392
image250.png,315.9502,130.0464,-349.9406,323.82724,108.47651,-324.6751,331.58392,107.147095,-325.18784,338.76883,105.84258,-325.12766,302.06152,108.764015,-335.5253,294.44907,108.01883,-336.09497,287.55634,107.69843,-336.3714,340.44373,109.40154,-141.44391,272.885,112.22578,-189.95825,328.8679,147.18532,-271.5692,304.19568,146.84909,-289.10464,400.83246,210.25462,18.116577,225.14232,231.58781,-127.3693,457.55264,353.32568,-61.352478,293.109,364.6115,-256.12924,331.8073,337.88657,-354.6422,406.36035,313.02664,-475.4175,297.3927,346.9101,-415.97632,430.1582,305.68387,-547.44385,295.46814,323.2178,-413.9582,420.80432,288.87338,-537.9906,304.92377,320.43542,-356.74954,413.6423,289.8028,-475.9454,399.81555,503.80188,70.48691,298.83688,508.25226,-70.82983,458.57367,698.40924,-47.594677,300.38052,724.6379,-182.0856,384.85873,900.15063,148.64008,318.4296,921.6346,-66.13243,357.33218,933.0196,157.78586,320.1942,956.04987,-62.561794,438.73187,966.2084,-39.898838,328.24045,978.39886,-294.30463
image251.png,340.89764,43.07275,-157.20699,347.5799,30.30976,-144.36606,353.79898,31.361546,-144.80197,359.68597,30.634481,-144.79944,331.87,29.36067,-143.94704,325.5547,36.04403,-144.46082,319.80756,35.589664,-144.87961,370.74536,35.750645,-17.460186,316.07617,42.391964,-12.783251,354.6716,63.817635,-100.22963,338.33063,67.23269,-102.46405,440.84082,133.86884,56.4314,254.5589,127.88117,82.189476,449.22095,273.99655,-108.540634,237.01698,270.0657,-105.593506,360.62653,163.31001,-449.67014,321.53186,161.78091,-441.02997,352.56128,131.54564,-516.0248,335.09164,129.11507,-516.59607,360.05936,121.636215,-514.0718,332.53836,118.44502,-499.52246,361.90338,133.14243,-453.06226,329.80164,130.32332,-444.0061,390.78195,415.91156,-2.1268203,287.98657,413.7681,1.9157693,447.81622,628.9064,-10.893452,250.90405,627.25116,17.156303,498.43793,824.22974,207.61713,228.18929,818.0711,249.86957,500.6825,841.3829,217.68091,234.04294,835.47675,265.34238,508.0711,894.5689,-24.120697,220.7919,879.50085,46.523907
image261.png,938.74475,182.37401,-842.92346,941.20654,149.11441,-765.40704,946.9943,149.12605,-766.2899,953.1434,148.82741,-766.15485,914.3612,149.4125,-815.56305,904.58356,149.95003,-816.518,887.68335,150.70045,-816.88824,936.6953,164.46555,-345.0636,843.73737,169.19412,-574.7689,944.1547,219.30916,-679.3456,914.6878,217.89113,-751.4445,1019.43134,394.2565,-36.753296,713.2217,368.13007,-438.31735,1154.2134,534.5464,-1.6592278,538.2839,521.19666,-566.3462,1327.2993,646.6644,-478.72903,383.27554,654.952,-982.36884,1377.4211,709.38257,-559.1321,336.3252,730.80786,-1108.07,1378.8333,706.6216,-684.99115,349.84058,740.53284,-1203.7258,1351.1414,688.7636,-544.2149,373.12622,718.5366,-1037.2517,969.2893,871.02484,157.14403,795.4051,865.19794,-157.72606,970.9227,1218.8329,496.98593,757.2386,1228.1133,-259.36328,974.7257,1515.008,1115.3738,720.2346,1568.2571,69.232346,938.35626,1563.8494,1153.2031,706.78125,1611.0765,82.18029,1076.9095,1639.1969,796.5153,782.19336,1715.8145,-393.54663
image266.png,506.6591,241.54306,-572.2593,524.86505,213.4407,-585.3602,532.60547,212.72731,-586.30115,540.8744,212.44193,-586.25055,516.1184,212.43234,-526.5947,517.9824,211.11192,-527.5161,519.8156,209.27663,-528.12506,594.7016,222.67671,-500.12863,562.292,217.85278,-235.2827,525.2374,269.15222,-524.61597,515.0967,269.91562,-453.31583,721.6133,405.24622,-441.72092,462.28876,361.96252,35.55759,746.2231,657.36945,-436.54196,437.1056,586.37616,41.42724,685.17474,828.10767,-621.6226,428.08307,759.5882,-338.30582,661.44073,889.0242,-712.8819,422.41342,807.81,-421.7141,632.82764,877.87244,-758.2141,427.79102,811.7638,-499.3766,636.56696,854.4088,-636.2823,438.9958,798.62054,-383.20267,619.8594,836.82605,-108.04205,481.13284,827.16675,107.743774,624.06866,1127.8724,-206.55461,435.6753,1113.6516,-213.01227,562.63684,1358.6917,416.39645,651.6151,1344.6499,236.81987,553.2153,1377.3153,465.1388,696.6205,1353.0015,277.87137,531.1111,1465.5227,179.76143,669.6469,1497.6898,30.854063
image267.png,126.89264,48.538734,-116.0097,129.3914,45.32383,-108.98255,130.80852,45.222862,-109.08774,132.54951,45.13463,-109.0767,125.25805,45.591713,-108.71423,124.11386,45.625748,-108.8306,122.995415,45.624985,-108.8829,134.73381,46.543022,-64.744514,121.44222,46.80488,-62.904022,129.8182,52.42209,-98.544235,125.48652,52.302727,-98.70433,147.18358,71.9642,-34.21352,109.07028,71.98758,-30.147568,161.75842,95.3095,-37.751785,94.44809,95.400635,-36.538177,177.57443,113.14069,-99.32754,77.68775,113.32517,-97.336174,181.60684,119.94545,-113.58744,72.83454,120.36917,-112.859955,181.469,120.30773,-129.00793,73.184685,120.50467,-127.611626,178.74274,117.95172,-107.04453,75.56621,118.47087,-105.50188,138.3784,126.53894,-0.94376034,117.97356,126.59498,0.83332825,140.04842,171.67487,-3.5240164,115.34609,170.98907,-5.471752,142.47568,212.43399,45.662518,113.01474,211.70795,39.710884,141.44675,217.65442,46.75327,114.42366,216.78145,41.27623,146.09648,222.15878,-10.664281,109.246025,221.89395,-13.578972
image268.png,349.31793,121.32366,-517.65967,360.66812,104.86525,-489.69574,369.19128,104.95425,-490.19354,374.9508,105.627914,-490.2073,339.17877,106.25085,-492.91992,331.78674,106.916985,-493.4604,325.90128,107.49451,-493.744,383.24756,113.07275,-304.37628,318.9761,114.441414,-316.05774,363.19818,141.48372,-442.97964,338.0515,140.94649,-449.4121,444.2947,231.30563,-184.4974,261.64185,228.63454,-184.4468,483.5828,371.48065,-192.68939,223.58627,370.40524,-219.80841,538.3284,488.22235,-412.25848,166.23077,494.18997,-421.5168,559.2263,522.7786,-466.7351,146.08987,525.3306,-479.82983,562.0246,522.58167,-530.6762,142.23085,526.12103,-539.16473,549.1882,512.30316,-443.22964,153.19704,518.0693,-452.9938,402.46014,497.16974,-3.8495932,299.90607,498.79172,3.3973992,408.75317,706.66284,40.813713,292.77603,707.61066,10.19474,412.87653,879.72375,303.14197,288.99976,885.36664,228.55142,398.8359,902.25116,314.90155,300.55875,910.1451,239.31978,434.0445,948.74945,102.65871,266.06796,946.77734,27.792356
image269.png,101.027306,37.54819,-152.96327,104.61485,32.110348,-141.46867,107.60288,32.44346,-141.6417,109.76464,32.801834,-141.6022,98.87494,32.043278,-140.7429,97.153046,32.19943,-140.94415,95.24474,32.334534,-141.06042,113.21514,35.98958,-78.734184,93.28509,35.544327,-75.34713,105.42771,44.71964,-128.55116,98.07429,44.239265,-128.73885,134.65488,80.52946,-36.22795,74.13437,78.66851,-40.800156,140.66669,127.42123,-23.276518,65.39936,124.345764,-45.12635,136.6206,167.95871,-85.94632,67.82962,165.3715,-121.89965,135.86368,179.10487,-104.317314,64.700676,177.3181,-147.24843,131.15257,178.84885,-122.82783,68.460815,177.99332,-162.73384,129.86584,175.3764,-93.91657,71.24205,173.58173,-130.69609,117.22283,164.13036,7.9441996,86.65396,163.57115,-8.063714,115.377754,232.622,19.378983,86.43214,233.99106,-17.809647,121.01707,296.15512,110.77638,83.585594,296.09555,73.192444,118.48017,302.2366,114.81985,86.23383,302.0561,78.50657,124.63442,319.0184,29.588715,81.55237,319.55225,-6.6886625
image28.png,291.44403,144.14948,-554.7435,304.1244,119.03355,-516.58734,315.64258,119.41078,-517.1257,324.7072,120.45639,-517.08325,276.1562,121.90409,-523.53906,267.1296,123.57311,-524.32306,260.94012,124.88176,-524.8014,335.15704,130.79495,-282.7543,255.84631,135.25247,-311.92758,312.2138,169.40466,-460.78284,278.40536,169.08247,-473.15558,399.53308,273.59924,-95.149666,201.63734,265.11548,-198.41829,412.3528,449.0023,-5.2737093,160.97224,444.0671,-221.25462,412.5857,604.19684,-149.60626,149.80692,615.86566,-428.1111,418.87357,649.28955,-186.2867,141.38527,659.77,-499.0833,410.48224,654.7333,-258.25977,159.29199,663.88654,-550.5205,402.14157,638.8643,-178.87709,168.60817,648.8533,-454.19174,343.55356,590.85345,36.40477,235.4207,585.96356,-36.991085,314.78693,842.7062,7.071353,243.41545,843.4869,-112.219894,289.12793,1074.0941,230.37949,254.84195,1091.8976,76.060936,278.1873,1098.2383,237.27087,260.96173,1111.6835,83.48633,322.96603,1161.848,-6.7481523,246.50409,1195.2949,-171.66963
image3.png,151.93028,139.56754,-87.78209,149.49988,131.05551,-78.00288,149.30908,130.81494,-78.20198,149.18826,130.84293,-78.21104,147.25421,131.27124,-96.7043,145.36914,131.18452,-96.89715,143.42409,130.99724,-97.009865,140.05342,133.21233,-26.866592,132.46196,133.41747,-111.23141,148.69551,147.66844,-65.21344,145.78595,147.7158,-90.95332,137.59552,174.66599,30.684467,112.07444,178.5629,-128.13895,153.25528,227.59746,44.75782,119.67352,245.06412,-158.3775,142.14647,252.7387,-17.482481,128.19292,260.66995,-162.61818,137.24664,261.1403,-21.924694,129.1991,264.55466,-180.28462,136.76463,254.521,-34.309444,128.55127,257.6264,-177.22168,138.48898,251.76263,-23.493895,128.06966,255.70203,-161.45868,132.33157,284.62848,49.010155,114.63286,288.36948,-49.124744,139.24338,354.78592,58.217358,129.33551,359.43796,-102.02168,116.64882,342.98822,152.95944,111.499374,335.25,29.67125,114.148575,337.51376,162.4905,108.03274,328.60898,46.145725,106.41346,355.02585,172.87755,110.227615,341.44464,67.9722
image30.png,747.33044,128.75645,-261.89886,739.4346,117.24898,-260.54385,734.0627,116.87723,-260.79593,731.6232,116.57815,-260.78763,739.87476,117.605316,-291.1819,738.3743,117.442635,-291.49908,737.1479,117.06283,-291.63406,708.15594,126.5947,-224.31923,718.1838,127.79028,-363.56427,738.7031,143.31088,-238.86465,743.1823,146.26341,-281.2013,678.46094,205.31444,-132.82439,709.07306,223.13669,-360.021,692.7274,317.5335,28.690968,716.19885,356.65683,-392.90094,718.3398,350.85458,147.3103,758.30084,463.16843,-394.66675,716.0456,353.53226,158.49667,762.174,490.8309,-435.60416,723.3105,345.84998,124.59081,771.82715,490.17184,-439.33896,727.8431,346.05524,136.64569,772.0011,479.5332,-397.7046,699.9552,369.4157,62.374496,723.464,380.7046,-62.587097,721.72156,492.96768,271.07025,728.47144,484.66003,160.1407,733.1569,594.2085,484.23242,737.853,593.214,403.09204,735.1013,612.7954,502.04022,734.23694,612.26874,424.67105,732.8167,606.11664,482.29953,746.55524,597.59607,394.6312
image31.png,88.68199,41.999542,-145.93396,91.34558,37.828503,-138.26059,93.59767,37.900692,-138.41017,95.17842,38.02056,-138.40901,86.9755,37.794174,-138.60352,85.60994,37.749672,-138.74232,84.102646,37.718246,-138.83652,97.16741,40.317738,-87.11321,81.51712,39.544304,-88.506546,91.17547,46.808014,-125.12109,86.8098,46.106045,-126.36808,111.541176,69.96232,-50.1862,65.58642,69.796555,-50.12561,114.52373,106.19702,-21.529152,61.894226,105.43652,-43.335094,113.674095,135.9307,-53.03101,62.050316,136.09535,-84.72939,112.003334,145.60411,-64.779915,63.41618,145.57877,-99.94987,110.16294,145.14197,-78.96112,65.69233,145.58089,-111.96105,109.46916,141.69011,-58.764572,66.86003,142.4138,-90.8866,100.632545,137.71036,2.2937436,76.73678,137.36974,-2.3821476,98.60005,183.09717,19.923534,77.14507,182.53673,26.646133,93.64236,219.2621,130.74057,81.4398,219.9104,131.35834,90.98102,222.67336,138.95068,83.08712,222.7359,139.77351,93.45677,238.08057,85.41164,80.87869,238.73125,87.96983
image35.png,531.7787,99.819824,-399.22382,537.1156,87.59353,-377.47076,543.5118,88.07307,-377.82947,547.81445,88.49755,-377.8008,522.6766,87.94718,-382.5027,517.33575,88.33524,-382.93347,511.06448,89.27118,-383.13132,552.07495,95.806175,-242.02763,502.90646,97.41816,-264.22665,540.60956,114.14927,-344.96985,521.6944,115.87841,-353.823,581.8652,193.80759,-137.39975,464.4191,187.3317,-168.08948,614.1738,296.2044,-66.93705,441.46014,293.18173,-143.11,648.20905,387.93127,-165.29869,404.51257,389.61038,-259.87543,655.97046,414.29083,-190.91046,391.4127,418.20728,-298.47565,660.7581,417.25854,-244.18459,387.82974,421.3816,-347.18372,654.2366,408.52023,-187.95795,395.8234,411.81534,-283.72656,563.7908,371.15515,14.190867,493.78333,365.88266,-14.6241,550.6481,529.7202,3.9743667,495.12994,529.03845,-53.045456,539.7659,685.16614,148.50418,502.2139,681.80176,100.08594,532.80994,697.37195,152.08833,505.3466,694.1031,107.155304,542.4251,729.47424,-43.363644,507.9619,725.605,-86.7187
image36.png,166.01634,75.42454,-74.08205,160.93153,68.071434,-66.67406,159.68501,67.79812,-66.82002,158.43488,67.53891,-66.786194,160.19875,68.16609,-90.433,158.80229,68.00611,-90.65155,157.28003,67.8345,-90.74491,146.69154,70.20045,-21.678183,145.9487,70.81779,-129.21817,162.25745,83.42598,-52.41794,161.68312,83.08496,-84.85661,137.31673,116.97505,53.741528,137.36082,116.08245,-164.93584,142.23763,185.03645,89.0669,138.1403,182.30817,-195.88744,157.22493,236.76768,57.44023,149.7658,240.20404,-193.47356,156.34827,252.1363,56.79531,146.9291,255.98724,-220.60805,161.67476,252.25674,31.63626,154.04454,255.17442,-217.69696,161.91815,246.93878,46.558765,155.52806,249.79552,-192.99483,144.3787,235.64775,69.952934,142.97276,233.18587,-70.06499,136.95445,320.23218,115.71609,137.01848,321.29642,-34.320576,126.79251,401.01483,181.08339,132.41434,407.69437,11.022262,119.24503,413.6269,184.07277,122.10099,416.57925,12.729835,149.08488,417.4292,138.28401,165.20065,419.08023,-52.031357
image37.png,138.87343,47.51895,-73.266655,133.63211,40.506702,-64.55237,132.5505,40.420715,-64.64752,131.26596,40.366646,-64.61322,132.98047,40.650158,-89.895256,131.65137,40.76749,-90.07868,129.94109,40.930378,-90.14827,119.47803,44.829002,-18.784689,118.49871,45.413322,-133.77022,136.17279,55.860752,-51.667843,135.60214,55.94145,-86.07667,104.4608,98.94751,59.320774,115.78398,101.7409,-178.93279,108.74121,169.16652,97.2056,119.63124,168.61232,-205.92642,125.48226,224.99236,71.41949,141.61803,228.64062,-182.89107,122.94849,238.97585,70.82969,141.18568,244.4437,-212.34686,129.63568,238.7185,44.53204,147.16753,245.24811,-206.49179,129.4772,234.83499,60.106197,147.61906,240.4346,-180.91524,105.36687,211.6881,77.49639,117.11969,213.7008,-77.59096,114.095245,299.09372,144.78215,128.20287,300.66415,-43.0175,99.79879,379.68555,234.41568,106.63992,383.97534,48.638824,94.4964,393.80435,240.3911,97.6948,398.27725,56.034805,110.96549,391.698,205.76915,127.72349,396.50522,11.667829
image38.png,548.647,178.17029,-876.48083,567.03424,153.13754,-832.57983,576.91364,154.40202,-833.3994,587.2785,155.02695,-833.3891,531.8295,151.46028,-831.6942,520.9294,151.81384,-832.6247,509.98547,152.69598,-833.2102,601.20795,171.0504,-548.1381,493.74524,169.0441,-541.1588,571.2426,212.34439,-761.2076,528.05084,209.79225,-764.45306,680.21674,379.2343,-338.26138,419.70044,379.6446,-328.46506,702.57794,627.0325,-187.34319,376.8059,625.28015,-285.5221,702.8081,841.91376,-361.15765,373.68625,847.0464,-512.84814,704.90063,907.62897,-430.30734,375.24338,909.3706,-603.1158,682.4696,907.2208,-519.3899,394.65366,913.4807,-680.9505,671.2203,884.426,-396.0144,401.53967,892.1056,-551.4588,622.4418,801.14844,9.722334,458.52713,791.4392,-10.40323,623.81714,1149.2874,7.4120216,464.54022,1147.4684,-4.5108323,615.8773,1408.8445,510.3804,478.74313,1422.4,443.4289,599.01886,1435.8391,540.43976,492.47983,1449.3391,473.43896,602.62445,1531.7837,183.742,467.71918,1536.3217,122.30551
image39.png,87.45549,55.755547,-107.503075,89.559204,52.477844,-99.417534,91.16966,52.8087,-99.51609,92.22956,53.063473,-99.4999,85.4573,52.286945,-99.87466,84.132095,52.404953,-100.009705,82.966064,52.40474,-100.08763,93.723236,55.304752,-52.152534,80.76009,54.37779,-54.03858,89.84622,60.743965,-88.72542,85.29551,60.000965,-90.0472,104.629616,81.88537,-21.491327,69.67671,79.99257,-22.343662,105.784904,112.63731,-2.8278568,67.04171,110.38253,-14.715588,110.35092,139.5156,-37.913837,62.265835,136.97723,-56.418507,110.41832,147.8248,-47.68251,61.29809,145.58362,-70.16832,110.31618,148.61395,-62.38914,61.68694,146.26569,-82.51933,109.31436,145.52863,-44.134266,62.752934,143.0899,-62.70011,97.79893,134.38396,-0.039652586,75.86515,134.80826,-0.05264684,94.223236,183.36942,-3.8434172,77.399506,182.83005,-13.544508,90.006546,226.0256,50.97149,82.38779,225.46463,42.37605,89.11734,230.53609,53.39722,83.73967,229.6636,45.83363,87.202675,239.71887,-2.6929095,81.779564,239.53325,-7.201903
image4.png,123.78322,55.49753,-281.13776,127.34016,48.12535,-274.25485,130.24612,47.940773,-274.47012,132.51262,48.015125,-274.46863,120.84688,48.42989,-274.33438,118.91159,48.37678,-274.56845,116.30274,48.161316,-274.7582,135.12381,49.414936,-202.3739,113.4186,48.983562,-202.63144,127.1321,61.63519,-249.25996,120.49707,60.79274,-250.55502,159.1719,91.181,-118.01795,91.60003,90.0471,-118.05112,161.0614,142.39948,-29.400297,89.873825,139.582,-44.440083,141.28178,170.40675,-8.478064,107.13153,169.09018,-27.979277,136.52678,179.08707,-14.629729,112.2708,176.189,-38.38408,134.2671,176.30225,-31.573298,114.29874,172.85414,-49.727867,134.58015,171.15848,-13.311986,112.611336,170.4848,-31.63626,142.08372,184.83136,1.7722942,106.416565,184.8472,-1.7715696,136.62126,262.30118,29.287073,108.1544,262.64944,15.246853,128.98808,327.42682,157.89235,115.16329,328.45294,130.96786,125.932846,336.65848,165.3842,118.581795,337.78696,138.484,136.71149,346.96198,67.79987,106.6247,347.16614,42.169056
image43.png,278.26425,140.0107,-343.5963,286.72876,115.55543,-305.87555,296.31323,115.93321,-306.43008,304.81992,116.867645,-306.42856,258.4491,115.14263,-339.7907,248.00052,114.32037,-340.54224,237.64543,113.17787,-340.81863,307.1871,127.72754,-95.93219,210.0485,129.56279,-251.2027,292.21143,170.54842,-256.85876,263.26483,171.71718,-305.5721,340.9966,299.42932,98.03897,165.0789,288.08524,-255.57216,374.98087,492.92026,196.85365,123.08296,522.00946,-312.5393,431.3889,635.8536,100.563416,235.37251,714.9888,-367.87695,440.49014,688.5941,79.78655,248.40132,774.51544,-416.31332,441.88297,685.4631,32.97096,276.06213,763.02295,-436.5476,436.1903,666.1984,80.76936,275.37558,741.3822,-375.45392,375.25156,670.98413,123.25467,284.805,684.193,-123.94923,367.8971,948.1671,273.45596,283.39645,975.6008,-122.11545,349.72104,1178.3434,439.3894,227.35246,1244.6732,-50.836018,316.94354,1223.0548,445.20615,206.28954,1275.2432,-49.46062,441.70868,1211.904,330.53052,279.61703,1276.1212,-219.21169
image44.png,271.85626,82.35645,-444.74954,279.3215,72.39292,-423.3826,285.17545,72.37809,-423.75314,289.64224,72.53266,-423.7362,266.87814,73.11398,-423.7682,263.01135,73.5955,-424.2045,259.06033,73.94412,-424.45615,296.84924,80.969505,-278.8288,252.30452,82.07314,-279.96915,280.6674,97.14902,-385.7531,267.35208,96.95645,-388.6904,339.3148,166.3465,-164.55774,213.52971,166.13043,-167.32681,343.80038,271.1578,-103.73219,202.31479,269.09088,-148.29544,352.55136,363.02133,-207.17853,197.7209,361.3038,-270.2134,351.0642,389.677,-241.63501,199.25525,386.9287,-314.1773,348.93475,391.70758,-286.00482,201.6735,388.7117,-353.73788,347.41437,380.96994,-225.63054,203.50279,379.49228,-290.52103,312.62213,339.7853,11.900426,238.34839,341.0836,-12.152713,302.56058,503.3584,25.345638,248.08672,503.16437,-49.59314,296.09448,652.2192,176.70786,256.91965,654.4339,70.744316,289.20297,668.6663,179.6321,261.8849,671.3443,73.28176,299.6796,696.2355,-25.93754,254.73651,697.9165,-135.3022
image46.png,482.69147,212.57245,-982.7939,497.47348,181.76942,-945.08246,510.12302,181.57695,-945.77734,519.2479,180.9695,-945.71655,463.75247,185.41136,-948.3736,454.84088,186.78232,-949.29913,443.67538,187.91385,-949.8339,532.6825,189.55202,-647.2121,430.64838,199.24834,-658.12805,505.18576,239.77367,-858.2629,468.23544,238.62157,-866.4054,619.99243,379.53934,-393.9892,349.40652,371.22696,-404.4801,641.4071,601.60944,-247.94408,313.3557,588.7467,-302.49527,650.70197,797.44464,-455.30106,299.32635,788.0367,-513.92017,652.29706,858.8558,-525.85547,292.78506,856.48425,-600.28125,634.36163,861.5819,-625.17206,312.56403,857.4482,-686.9047,626.16284,840.61884,-495.8203,320.16998,837.66016,-554.10297,553.752,777.72296,2.9930751,401.546,772.5558,-3.563646,537.2779,1101.5907,-17.654428,404.19156,1095.1099,-37.90984,503.1482,1394.2534,325.05624,432.1654,1394.0615,261.53055,493.0839,1422.8951,337.66513,440.7,1426.9578,275.5669,484.3231,1484.214,-32.755596,436.18207,1488.5747,-90.40568
image47.png,539.3547,98.381676,-382.0946,519.988,79.00972,-353.14163,517.2742,78.45412,-353.79858,514.8387,77.60732,-353.6735,515.4712,80.01573,-421.65268,509.85394,80.320465,-422.35654,503.24518,80.38105,-422.7208,481.95557,90.240204,-188.40492,467.9581,95.39827,-498.9293,531.91974,126.04673,-308.94,527.0731,126.26864,-402.73926,506.205,237.31345,34.77511,409.73703,244.54587,-587.92163,538.5612,426.37683,159.80296,419.16196,454.90738,-687.26337,575.1374,566.00037,55.22535,487.4708,620.7813,-729.6295,576.8126,622.7058,42.735764,488.24017,673.5627,-815.57825,579.47656,625.7016,-28.92197,508.63263,668.1054,-823.61096,575.30884,607.5953,24.06024,513.14,649.9941,-735.054,517.27747,592.54724,198.69351,437.22604,598.7092,-198.87709,488.47003,840.268,460.97598,424.21005,845.077,-61.915794,480.682,1061.4314,729.5515,389.6204,1104.707,85.80218,454.62448,1094.8687,741.5729,365.5053,1144.8116,88.62183,577.0663,1125.7368,550.67334,499.79898,1181.1025,-184.66315
image48.png,323.3526,176.84659,-658.6696,333.10687,156.782,-630.092,340.32404,156.273,-630.63055,346.49936,155.35284,-630.6063,312.33304,159.38252,-632.4307,305.72095,159.91287,-633.0347,300.06207,160.21378,-633.3971,354.7188,160.03714,-414.04855,289.52933,164.62877,-423.02728,336.28824,193.7655,-568.47815,315.2803,193.99591,-574.6297,410.24634,277.8624,-244.24123,234.39787,276.37122,-238.7457,419.8801,429.84384,-140.97978,218.7077,426.82574,-206.89049,422.98828,558.01447,-272.8437,208.5103,556.62054,-373.5156,422.30957,602.3717,-319.8194,207.84656,596.7856,-433.51807,414.50598,604.2054,-383.968,213.01053,598.9914,-489.64087,409.06363,587.08057,-298.97025,218.07329,586.09503,-401.1676,369.63925,539.8471,-0.68931234,266.74966,542.0063,0.37767234,364.4075,744.3391,9.538968,276.69833,751.512,-18.76025,346.36084,942.23926,268.43707,304.7278,951.0249,211.23814,339.6618,964.91986,277.84622,312.13367,975.26556,221.95595,347.49097,1001.40344,19.497704,284.50693,1008.4758,-29.315113
image54.png,215.1171,43.456818,-239.72754,219.21648,35.476345,-226.62975,222.33588,35.65739,-226.84785,225.45874,35.86826,-226.87962,210.18425,34.98121,-227.25563,206.9976,34.992558,-227.47171,204.26076,35.059765,-227.67236,228.6318,38.78592,-145.50894,199.59961,38.303497,-147.45857,220.10663,51.981464,-207.32068,210.19939,51.603683,-209.17566,249.82217,91.52099,-98.20098,177.86858,93.977135,-91.096275,259.04993,152.9215,-80.589294,166.39948,153.37401,-78.00038,260.49332,207.69037,-152.40173,163.49019,208.94524,-144.00403,260.21893,225.80127,-177.50447,159.79001,225.28839,-171.98126,254.94165,225.5099,-200.5416,165.5444,226.73369,-193.91327,252.37418,219.10526,-162.91435,168.42708,221.61937,-155.03928,233.47461,204.55782,-2.0300393,190.64607,204.09344,1.9225489,232.23607,275.99115,63.846638,188.9268,274.94824,65.56471,232.36615,346.00278,238.77638,188.87471,347.1581,199.96823,233.92804,353.1167,252.46375,189.9929,357.90585,210.22966,221.47568,372.64792,192.34155,187.18658,370.52292,142.96341
image6.png,546.9062,262.42255,-701.40533,559.5042,245.23975,-667.0112,568.5916,244.75046,-667.61993,573.5124,244.37497,-667.5274,537.75104,246.96199,-670.65753,531.9074,247.6166,-671.329,526.27826,247.61755,-671.6753,580.09235,251.99153,-431.5776,516.0656,254.445,-446.30237,559.2031,281.1639,-605.1742,540.53845,280.72745,-613.28436,644.13855,382.36316,-230.11275,449.30637,377.6703,-269.72604,672.1295,535.3666,-120.75205,413.45233,531.9515,-230.77654,669.8946,667.0439,-320.05176,412.68433,670.2821,-452.00674,672.66064,707.4595,-381.72366,411.25262,710.6581,-533.3782,657.17926,706.8891,-455.32867,433.26593,714.20245,-591.314,649.3785,693.06354,-351.03827,440.78024,699.6715,-481.08185,583.74774,679.4576,18.562675,477.50464,673.92645,-18.984016,561.6369,897.50336,90.567375,455.92712,895.2448,-8.519561,535.33813,1081.9874,470.07944,435.8109,1090.2631,252.08421,513.0861,1107.1373,490.0132,446.1565,1113.6052,263.30524,561.71625,1136.0154,232.12009,408.6319,1153.1775,-19.588037
image62.png,119.940125,47.677906,-155.565,124.46992,41.89117,-141.60684,126.53057,42.150604,-141.79211,129.49573,42.426765,-141.76276,116.85197,41.788067,-140.0571,114.08232,41.949104,-140.27922,111.78611,42.072067,-140.44484,132.54951,44.72813,-61.966362,108.39119,44.734,-55.006065,125.018425,54.63811,-124.2818,115.93976,54.45323,-123.527565,154.52036,84.054634,-20.428398,90.81723,87.09336,-11.239555,155.4357,128.79968,-52.507126,88.42139,129.6971,-80.643394,110.52298,126.152016,-133.37567,137.2889,118.99601,-204.95834,101.195206,126.234764,-156.98811,148.37103,118.981766,-239.24634,100.89666,120.900444,-156.80765,148.22397,114.87627,-231.71875,103.279564,120.794235,-133.84996,145.0694,114.72759,-205.24873,141.31673,184.2531,-3.3037457,103.70441,184.36752,3.1990168,148.4535,253.80719,11.850551,98.112335,254.14342,17.775711,154.92967,316.518,143.91608,92.239,317.09097,135.73843,153.49391,325.72012,151.94911,97.008705,326.49875,143.78123,161.89948,339.21118,57.85297,80.11955,341.49207,51.215164
image65.png,428.63574,213.42894,-726.64685,444.16302,194.74268,-698.83954,451.8619,195.75758,-699.4322,456.53156,196.52458,-699.4113,417.5098,191.00978,-692.28143,409.82147,190.28532,-692.88574,402.1423,189.4761,-693.17096,461.0438,203.88824,-467.7811,390.1104,195.04724,-432.2009,440.3567,233.6192,-627.1048,412.81125,233.0992,-621.3398,514.9575,318.9829,-330.54468,313.75714,305.5363,-155.45349,635.5628,443.6921,-386.3639,279.17758,468.9857,-91.13891,526.1864,547.1256,-689.1898,295.0404,632.59705,-318.9476,492.9072,552.8221,-785.1945,289.08118,682.73004,-391.8293,487.2924,537.77936,-811.39087,315.44473,681.04016,-449.25732,498.02875,534.90607,-702.331,323.20856,664.69183,-347.77234,469.26242,632.18085,-81.725494,350.7016,630.91376,81.19643,456.18286,879.27625,-163.78833,276.62555,890.6253,35.907635,404.19153,1111.4694,103.043625,282.13223,1119.767,295.51306,396.76138,1145.3956,110.74019,299.9663,1158.7163,306.70807,402.7507,1187.7769,-205.74516,176.8476,1168.6675,26.442232
image7.png,122.424324,37.403225,-165.77286,125.217476,32.798515,-159.03778,127.047485,32.562603,-159.17741,128.6242,32.34791,-159.16599,120.29408,33.361946,-159.07733,118.807236,33.49006,-159.2346,117.292564,33.511322,-159.33716,130.41618,34.070606,-107.27625,114.40904,35.348324,-107.28353,125.19114,42.642315,-144.19075,120.12462,42.800144,-145.05072,145.55678,64.374146,-64.91822,100.18089,64.11621,-63.21187,147.11346,101.56037,-40.744778,97.03794,100.747185,-54.30261,149.1189,129.96571,-75.82247,96.33046,130.57799,-104.35405,147.95363,139.67294,-88.77781,97.00003,141.44128,-121.91116,146.47867,139.82033,-103.46085,99.20357,141.68776,-135.05238,145.76822,136.10042,-81.89785,100.25317,137.95595,-111.14304,135.29437,134.39343,0.3386126,111.55118,134.08688,-0.4076467,135.95625,183.28998,17.90415,113.222946,182.43579,24.242744,132.13332,224.63121,113.56912,113.613014,223.72441,108.78366,129.16272,229.2777,119.312515,115.858246,228.71048,114.179405,137.51735,240.70256,54.88228,109.139305,239.92558,48.21515
image72.png,370.46426,53.7543,-98.47144,376.4998,45.49811,-117.308876,378.19556,45.42884,-117.4868,379.6967,45.469933,-117.483665,375.87427,45.424133,-89.52234,377.1286,45.28218,-89.74101,378.34515,45.113213,-89.83188,392.22363,49.288902,-161.0193,391.63724,49.395615,-34.75318,374.33954,63.426826,-108.65867,373.6102,63.593002,-73.74344,401.82962,104.09755,-210.41971,403.9977,104.51099,70.63397,418.34818,168.85435,-231.32817,409.70038,170.44547,106.8552,403.67914,229.0225,-209.93378,400.16614,227.66872,42.150703,406.3729,248.8204,-232.9597,401.86987,244.85132,32.413967,396.28177,248.38983,-235.08783,396.4652,245.55838,7.0504837,395.07672,242.7552,-208.29988,395.52216,241.06723,27.987158,400.21094,225.32025,-87.58574,403.07346,222.53795,87.57933,410.0944,321.08862,-43.85141,406.79742,322.44928,100.20137,412.40573,415.11755,12.737303,409.9478,408.8496,162.262,421.50174,425.7237,12.463084,420.29642,423.49982,164.58685,369.99017,428.06625,-78.98261,370.40097,426.82114,101.48803
image78.png,403.88968,100.92425,-670.4575,417.60675,83.56683,-630.0787,426.5337,84.724976,-630.61646,435.06042,86.35563,-630.4913,392.81815,85.764145,-636.20825,384.82425,88.058815,-636.9527,376.45764,90.542435,-637.3811,449.31195,102.04381,-375.48416,364.82596,107.02887,-402.44946,422.22723,128.43927,-568.4625,392.7095,128.97113,-580.3384,517.0488,245.26593,-154.26894,314.81955,246.38039,-262.2618,536.73315,424.2955,-49.40814,286.89587,434.61136,-235.46768,549.29395,578.0266,-265.65982,278.0462,606.5912,-458.60355,552.0439,625.5007,-325.42853,265.12955,658.9568,-544.9203,539.9724,628.79517,-406.96378,286.0532,660.03064,-609.7687,532.9654,612.0144,-300.6025,294.744,644.1231,-491.71478,481.46524,572.4067,54.142185,354.07562,568.9392,-54.64869,530.43115,830.69867,52.803642,299.76852,817.26337,-89.12826,587.35583,1086.2898,286.85068,275.60046,1090.0284,137.31165,580.6242,1113.7211,290.17642,273.7621,1120.8842,145.10414,594.4467,1189.3937,-67.60887,300.3972,1199.1454,-214.18044
image90.png,742.15607,130.76314,-470.2157,751.55206,116.19488,-443.77408,758.0764,115.54025,-444.0748,763.3826,115.01146,-444.11557,726.769,116.127594,-451.494,717.928,115.439186,-451.8598,710.14386,115.67265,-452.17514,764.39844,120.198746,-281.52765,694.1752,123.38007,-315.45642,752.4158,153.32713,-405.1142,728.09827,152.85338,-416.62088,788.5204,242.82057,-140.79366,650.34406,231.50383,-239.58603,796.9921,353.77127,-73.82372,604.4075,365.36688,-266.20007,794.28754,424.1871,-144.99716,695.4024,377.80127,-383.72662,793.23596,447.01865,-174.75214,720.78217,382.48682,-438.2789,795.0714,436.111,-204.01314,727.8672,363.2897,-438.1697,791.9086,427.45535,-158.0555,722.63495,361.9685,-386.11832,768.9902,419.02853,37.280895,693.9385,423.53445,-37.244335,786.3391,598.8527,52.672516,693.5178,590.2143,-30.018875,770.79016,694.5191,357.7092,696.58594,683.97986,270.48322,764.34436,709.30115,383.40213,696.2938,702.27783,298.30978,771.2568,731.6191,285.77557,713.9386,712.598,193.01
image95.png,405.1342,232.06918,-188.95435,417.29727,210.82765,-206.51573,423.61496,210.05797,-206.9403,430.10745,209.0771,-206.8259,408.84372,211.18942,-172.02432,409.58487,210.36418,-172.71185,410.3788,209.15714,-173.06075,467.30005,210.98772,-207.63396,438.50488,210.63232,-48.861847,426.60645,253.30429,-177.22153,414.71503,254.77597,-135.67067,578.3632,344.02255,-210.39758,392.54196,337.46118,92.562935,662.3396,492.87445,-198.75043,361.57904,476.9506,143.76305,549.74805,603.66455,-213.46771,376.55045,605.4251,12.798104,522.6569,637.00024,-240.47864,379.8687,640.41425,-25.425032,506.32794,618.7169,-257.62497,396.37622,630.8978,-53.961475,511.4552,606.619,-213.13417,399.42526,618.3452,-4.035032,525.63086,670.57904,-109.64577,437.60074,672.88983,109.53816,502.04395,918.49146,-75.49169,394.87808,900.6265,34.62015,520.30707,1184.4674,-56.154167,480.7623,1144.4613,78.911316,534.5702,1221.6691,-65.974266,509.8574,1190.7761,78.03186,435.154,1243.3447,-241.97397,397.40262,1207.0996,-26.014439
image97.png,516.35187,207.60007,374.05704,510.89804,197.22804,341.0802,507.3923,196.67024,340.89474,503.60706,196.14337,340.95004,521.22,197.74887,338.10983,525.0101,197.41315,337.83115,528.99713,196.86995,337.8071,497.123,202.26213,204.37596,532.1681,202.65353,190.66827,511.1893,219.49205,335.8269,520.7748,219.3024,329.46487,445.8256,276.62518,115.496,588.81647,277.03183,85.02491,425.93976,391.63483,100.15554,619.96027,384.88644,20.920012,419.40875,498.66306,103.6325,632.7077,492.75714,10.311546,416.405,524.68414,95.48482,635.38385,520.2875,-13.38792,422.08835,526.74475,79.37879,627.43976,523.4349,-22.327295,427.7024,517.5965,100.20963,622.34595,515.8395,4.8037095,480.64215,484.68085,18.588293,552.4221,484.11298,-18.92277,455.29178,654.92377,53.197094,590.47955,657.243,-20.122883,447.50848,839.1584,10.380637,623.58624,837.9834,-30.486969,455.98892,864.4545,0.16170648,614.2492,868.2261,-34.912067,418.45377,877.945,-85.70273,674.613,860.0822,-115.693245
image98.png,157.49654,50.637817,-95.22115,157.6095,46.43979,-98.79421,158.7173,45.531364,-98.88281,159.7553,44.609444,-98.860435,155.30794,47.80912,-87.16865,154.74324,48.00306,-87.28685,154.15839,48.222946,-87.333015,164.32794,42.63607,-91.0438,156.85497,47.420536,-37.492123,162.249,52.705345,-89.35021,159.63568,53.951164,-74.69289,187.18109,63.562557,-99.66369,164.52615,69.72507,31.522564,198.22821,98.46562,-111.314865,166.73625,103.23806,60.660694,188.64001,129.67253,-123.93882,160.25117,129.8202,19.361965,188.8614,138.49089,-139.33199,158.61765,137.23047,13.259564,184.87427,138.51428,-142.20454,157.90817,138.23885,-3.1367028,184.42732,134.86034,-124.28291,158.89122,135.59941,10.87607,183.35599,123.53088,-42.867657,169.51343,125.06354,42.846165,189.83829,174.59671,-60.24969,166.55693,169.86162,28.422565,199.07861,221.63557,-52.708523,165.78696,219.84044,48.36607,202.71872,225.03792,-55.292538,170.73775,228.60156,48.15103,179.87685,235.86034,-114.59035,147.50214,227.8456,3.7372148
image99.jpg,416.9967,104.626236,-1060.4336,441.39352,66.64283,-1021.14667,458.53537,69.023674,-1021.9937,473.95697,72.176895,-1022.2286,389.69638,61.517525,-1013.78937,371.07184,60.964966,-1014.6095,353.49985,61.30286,-1015.1895,495.0418,95.77009,-739.5759,321.95032,93.26316,-702.27545,443.4296,154.98515,-945.2284,384.23254,155.9545,-939.96246,628.53906,334.94635,-605.3843,199.0037,361.5805,-436.67715,747.6998,568.1156,-679.8432,114.83208,617.2404,-403.2528,748.7403,799.92426,-1052.9208,136.36836,854.1236,-604.55176,762.32324,875.0145,-1168.3036,93.654305,923.662,-680.84546,712.0815,868.96826,-1227.3157,141.87508,929.1143,-761.6596,689.3594,842.708,-1081.9415,166.11067,905.27545,-643.046,547.0821,779.5625,-36.222305,339.99088,805.45807,35.62192,622.906,1241.3708,-176.71474,332.64804,1209.2734,-359.6332,618.71,1378.9913,637.19836,387.66095,1382.1047,297.58917,625.63916,1385.1346,710.4299,405.20703,1401.9008,363.1729,564.31793,1496.3141,519.077,386.50983,1501.141,178.38322
